x1002c3s0b1n0
x1002c3s0b1n0
x1002c3s0b1n0
x1002c3s0b1n0
x1002c3s0b1n0
x1002c3s0b1n0
x1002c3s0b1n0
x1002c3s0b1n0
 GCCcore/13.2.0 loaded.
 zlib/1.2.13 loaded.
 binutils/2.40 loaded.
 bzip2/1.0.8 loaded.
 ncurses/6.4 loaded.
 libreadline/8.2 loaded.
 Tcl/8.6.13 loaded.
 SQLite/3.43.1 loaded.
 XZ/5.4.4 loaded.
 libffi/3.4.4 loaded.
 OpenSSL/1.1 loaded.
 Python/3.11.5 loaded.
pybullet build time: Jan 27 2026 10:50:49
[seed] global_seed=0
[seed] per-task seed rule: task_seed = global_seed + 10000 * task_index
[seed] per-episode eval rule inside task: env_seed = task_seed + episode_id
[device] using cuda
[run_dir] runs/panda__single_no_clmetrics__panda_single_all__s0__r001__20260410-094514
[device] using cuda
[run_dir] runs/panda__single_no_clmetrics__panda_single_all__r001__20260410-094514

==============================
[Panda Single-task 1/3] PandaPickAndPlace
==============================
[task-seed] PandaPickAndPlace: task_seed=0 (global_seed=0)
[task] env=PandaPickAndPlaceDense-v3 dataset=/net/scratch/hscra/plgrid/plgdomin088/datasets/panda_expert/panda_pick_and_place_dense_1m_expert.pkl
[dataset] obs_keys=['observation', 'achieved_goal', 'desired_goal']
[env] use_time_feature=True
[dataset] using seq_len=20
[dataset] n_trajs=119353 total_transitions=1000000 traj_len mean=8.38 min=1 max=50 p50=8 p90=10
[dataset] obs_dim=26, act_dim=4
[dataset] return mean=-1.298 min=-57.910 max=-0.001
[dataset] computed obs_mean/std (std min=0.029836, max=1.983367)
[dataset] rtg_scale=1000.000000
[eval] selected target_return=-0.000970 (max)
[dataset] using max_ep_len=50
[train] optimizer_updates=1000000 approx_updates_per_epoch=7813 approx_epochs=127.99
[model] d_model=128 n_layers=3 n_heads=1 seq_len=20 max_ep_len=50 rtg_scale=1000.0
DTBackbone config: DTConfig(n_layer=3, n_head=1, n_embd=128, dropout=0.1, bias=False, K=20, max_ep_len=50, state_dim=128, act_discrete=False, act_vocab_size=1, act_dim=4, act_tanh=False, tanh_embeddings=False)
DTBackbone parameters: 0.61M
[panda train] update 1/1000000, loss=0.627848
[panda train] update 500/1000000, loss=0.096662
[panda train] update 1000/1000000, loss=0.084495
[panda train] update 1500/1000000, loss=0.084904
[panda train] update 2000/1000000, loss=0.062507
[panda train] update 2500/1000000, loss=0.089100
[panda train] update 3000/1000000, loss=0.075469
[panda train] update 3500/1000000, loss=0.080783
[panda train] update 4000/1000000, loss=0.060099
[panda train] update 4500/1000000, loss=0.101686
[panda train] update 5000/1000000, loss=0.070573
[panda train] update 5500/1000000, loss=0.060619
[panda train] update 6000/1000000, loss=0.047428
[panda train] update 6500/1000000, loss=0.038199
[panda train] update 7000/1000000, loss=0.032443
[panda train] update 7500/1000000, loss=0.046122
[panda train] update 8000/1000000, loss=0.063769
[panda train] update 8500/1000000, loss=0.064561
[panda train] update 9000/1000000, loss=0.061482
[panda train] update 9500/1000000, loss=0.054728
[panda train] update 10000/1000000, loss=0.074787
[panda train] update 10500/1000000, loss=0.032052
[panda train] update 11000/1000000, loss=0.070621
[panda train] update 11500/1000000, loss=0.043863
[panda train] update 12000/1000000, loss=0.066473
[panda train] update 12500/1000000, loss=0.047917
[panda train] update 13000/1000000, loss=0.046741
[panda train] update 13500/1000000, loss=0.059234
[panda train] update 14000/1000000, loss=0.053214
[panda train] update 14500/1000000, loss=0.042832
[panda train] update 15000/1000000, loss=0.040923
[panda train] update 15500/1000000, loss=0.037220
[panda train] update 16000/1000000, loss=0.055702
[panda train] update 16500/1000000, loss=0.051690
[panda train] update 17000/1000000, loss=0.053666
[panda train] update 17500/1000000, loss=0.031141
[panda train] update 18000/1000000, loss=0.045676
[panda train] update 18500/1000000, loss=0.040569
[panda train] update 19000/1000000, loss=0.051678
[panda train] update 19500/1000000, loss=0.045922
[panda train] update 20000/1000000, loss=0.036642
[panda train] update 20500/1000000, loss=0.035960
[panda train] update 21000/1000000, loss=0.044860
[panda train] update 21500/1000000, loss=0.048492
[panda train] update 22000/1000000, loss=0.031182
[panda train] update 22500/1000000, loss=0.038751
[panda train] update 23000/1000000, loss=0.053646
[panda train] update 23500/1000000, loss=0.028188
[panda train] update 24000/1000000, loss=0.042929
[panda train] update 24500/1000000, loss=0.051466
[panda train] update 25000/1000000, loss=0.026808
[panda train] update 25500/1000000, loss=0.038545
[panda train] update 26000/1000000, loss=0.034255
[panda train] update 26500/1000000, loss=0.053961
[panda train] update 27000/1000000, loss=0.043265
[panda train] update 27500/1000000, loss=0.018083
[panda train] update 28000/1000000, loss=0.040602
[panda train] update 28500/1000000, loss=0.035759
[panda train] update 29000/1000000, loss=0.025244
[panda train] update 29500/1000000, loss=0.035944
[panda train] update 30000/1000000, loss=0.049040
[panda train] update 30500/1000000, loss=0.040341
[panda train] update 31000/1000000, loss=0.022105
[panda train] update 31500/1000000, loss=0.045690
[panda train] update 32000/1000000, loss=0.038688
[panda train] update 32500/1000000, loss=0.042748
[panda train] update 33000/1000000, loss=0.035489
[panda train] update 33500/1000000, loss=0.040732
[panda train] update 34000/1000000, loss=0.033452
[panda train] update 34500/1000000, loss=0.019813
[panda train] update 35000/1000000, loss=0.031819
[panda train] update 35500/1000000, loss=0.039828
[panda train] update 36000/1000000, loss=0.025788
[panda train] update 36500/1000000, loss=0.049845
[panda train] update 37000/1000000, loss=0.022118
[panda train] update 37500/1000000, loss=0.034091
[panda train] update 38000/1000000, loss=0.029954
[panda train] update 38500/1000000, loss=0.031696
[panda train] update 39000/1000000, loss=0.034450
[panda train] update 39500/1000000, loss=0.028979
[panda train] update 40000/1000000, loss=0.020226
[panda train] update 40500/1000000, loss=0.034352
[panda train] update 41000/1000000, loss=0.029953
[panda train] update 41500/1000000, loss=0.036800
[panda train] update 42000/1000000, loss=0.032297
[panda train] update 42500/1000000, loss=0.026632
[panda train] update 43000/1000000, loss=0.029065
[panda train] update 43500/1000000, loss=0.040301
[panda train] update 44000/1000000, loss=0.023547
[panda train] update 44500/1000000, loss=0.035809
[panda train] update 45000/1000000, loss=0.038763
[panda train] update 45500/1000000, loss=0.030316
[panda train] update 46000/1000000, loss=0.027262
[panda train] update 46500/1000000, loss=0.027404
[panda train] update 47000/1000000, loss=0.021034
[panda train] update 47500/1000000, loss=0.028334
[panda train] update 48000/1000000, loss=0.031564
[panda train] update 48500/1000000, loss=0.022575
[panda train] update 49000/1000000, loss=0.024202
[panda train] update 49500/1000000, loss=0.041252
[panda train] update 50000/1000000, loss=0.030289
[panda train] update 50500/1000000, loss=0.030294
[panda train] update 51000/1000000, loss=0.032213
[panda train] update 51500/1000000, loss=0.029246
[panda train] update 52000/1000000, loss=0.030286
[panda train] update 52500/1000000, loss=0.029547
[panda train] update 53000/1000000, loss=0.031690
[panda train] update 53500/1000000, loss=0.039179
[panda train] update 54000/1000000, loss=0.026127
[panda train] update 54500/1000000, loss=0.033221
[panda train] update 55000/1000000, loss=0.023127
[panda train] update 55500/1000000, loss=0.028590
[panda train] update 56000/1000000, loss=0.022188
[panda train] update 56500/1000000, loss=0.025848
[panda train] update 57000/1000000, loss=0.028595
[panda train] update 57500/1000000, loss=0.034814
[panda train] update 58000/1000000, loss=0.021582
[panda train] update 58500/1000000, loss=0.027913
[panda train] update 59000/1000000, loss=0.025461
[panda train] update 59500/1000000, loss=0.027620
[panda train] update 60000/1000000, loss=0.011265
[panda train] update 60500/1000000, loss=0.034522
[panda train] update 61000/1000000, loss=0.021444
[panda train] update 61500/1000000, loss=0.024597
[panda train] update 62000/1000000, loss=0.029852
[panda train] update 62500/1000000, loss=0.039991
[panda train] update 63000/1000000, loss=0.026717
[panda train] update 63500/1000000, loss=0.016083
[panda train] update 64000/1000000, loss=0.022049
[panda train] update 64500/1000000, loss=0.020819
[panda train] update 65000/1000000, loss=0.022924
[panda train] update 65500/1000000, loss=0.025057
[panda train] update 66000/1000000, loss=0.020842
[panda train] update 66500/1000000, loss=0.027897
[panda train] update 67000/1000000, loss=0.032131
[panda train] update 67500/1000000, loss=0.026655
[panda train] update 68000/1000000, loss=0.023702
[panda train] update 68500/1000000, loss=0.033279
[panda train] update 69000/1000000, loss=0.021420
[panda train] update 69500/1000000, loss=0.023137
[panda train] update 70000/1000000, loss=0.021332
[panda train] update 70500/1000000, loss=0.020583
[panda train] update 71000/1000000, loss=0.028236
[panda train] update 71500/1000000, loss=0.018166
[panda train] update 72000/1000000, loss=0.026055
[panda train] update 72500/1000000, loss=0.023373
[panda train] update 73000/1000000, loss=0.017219
[panda train] update 73500/1000000, loss=0.018777
[panda train] update 74000/1000000, loss=0.016380
[panda train] update 74500/1000000, loss=0.015562
[panda train] update 75000/1000000, loss=0.021985
[panda train] update 75500/1000000, loss=0.019870
[panda train] update 76000/1000000, loss=0.018846
[panda train] update 76500/1000000, loss=0.033240
[panda train] update 77000/1000000, loss=0.024431
[panda train] update 77500/1000000, loss=0.018156
[panda train] update 78000/1000000, loss=0.018226
[panda train] update 78500/1000000, loss=0.023261
[panda train] update 79000/1000000, loss=0.022802
[panda train] update 79500/1000000, loss=0.027584
[panda train] update 80000/1000000, loss=0.024343
[panda train] update 80500/1000000, loss=0.027572
[panda train] update 81000/1000000, loss=0.026783
[panda train] update 81500/1000000, loss=0.021218
[panda train] update 82000/1000000, loss=0.021084
[panda train] update 82500/1000000, loss=0.009734
[panda train] update 83000/1000000, loss=0.011767
[panda train] update 83500/1000000, loss=0.012534
[panda train] update 84000/1000000, loss=0.023443
[panda train] update 84500/1000000, loss=0.020215
[panda train] update 85000/1000000, loss=0.029009
[panda train] update 85500/1000000, loss=0.026822
[panda train] update 86000/1000000, loss=0.018988
[panda train] update 86500/1000000, loss=0.019009
[panda train] update 87000/1000000, loss=0.022830
[panda train] update 87500/1000000, loss=0.016316
[panda train] update 88000/1000000, loss=0.025131
[panda train] update 88500/1000000, loss=0.013062
[panda train] update 89000/1000000, loss=0.027112
[panda train] update 89500/1000000, loss=0.018893
[panda train] update 90000/1000000, loss=0.016429
[panda train] update 90500/1000000, loss=0.021933
[panda train] update 91000/1000000, loss=0.019374
[panda train] update 91500/1000000, loss=0.019895
[panda train] update 92000/1000000, loss=0.022081
[panda train] update 92500/1000000, loss=0.028001
[panda train] update 93000/1000000, loss=0.024916
[panda train] update 93500/1000000, loss=0.013466
[panda train] update 94000/1000000, loss=0.020451
[panda train] update 94500/1000000, loss=0.025505
[panda train] update 95000/1000000, loss=0.016057
[panda train] update 95500/1000000, loss=0.014991
[panda train] update 96000/1000000, loss=0.018816
[panda train] update 96500/1000000, loss=0.018976
[panda train] update 97000/1000000, loss=0.021259
[panda train] update 97500/1000000, loss=0.022823
[panda train] update 98000/1000000, loss=0.025367
[panda train] update 98500/1000000, loss=0.021912
[panda train] update 99000/1000000, loss=0.024914
[panda train] update 99500/1000000, loss=0.017288
[panda train] update 100000/1000000, loss=0.021639
[panda train] update 100500/1000000, loss=0.023506
[panda train] update 101000/1000000, loss=0.027967
[panda train] update 101500/1000000, loss=0.027414
[panda train] update 102000/1000000, loss=0.013729
[panda train] update 102500/1000000, loss=0.034073
[panda train] update 103000/1000000, loss=0.019641
[panda train] update 103500/1000000, loss=0.017206
[panda train] update 104000/1000000, loss=0.016338
[panda train] update 104500/1000000, loss=0.014766
[panda train] update 105000/1000000, loss=0.017424
[panda train] update 105500/1000000, loss=0.018023
[panda train] update 106000/1000000, loss=0.022276
[panda train] update 106500/1000000, loss=0.026996
[panda train] update 107000/1000000, loss=0.023861
[panda train] update 107500/1000000, loss=0.018938
[panda train] update 108000/1000000, loss=0.021768
[panda train] update 108500/1000000, loss=0.020941
[panda train] update 109000/1000000, loss=0.019414
[panda train] update 109500/1000000, loss=0.015394
[panda train] update 110000/1000000, loss=0.013106
[panda train] update 110500/1000000, loss=0.023287
[panda train] update 111000/1000000, loss=0.020275
[panda train] update 111500/1000000, loss=0.021538
[panda train] update 112000/1000000, loss=0.023997
[panda train] update 112500/1000000, loss=0.024664
[panda train] update 113000/1000000, loss=0.018183
[panda train] update 113500/1000000, loss=0.023490
[panda train] update 114000/1000000, loss=0.024002
[panda train] update 114500/1000000, loss=0.021746
[panda train] update 115000/1000000, loss=0.022683
[panda train] update 115500/1000000, loss=0.024116
[panda train] update 116000/1000000, loss=0.017704
[panda train] update 116500/1000000, loss=0.022155
[panda train] update 117000/1000000, loss=0.017627
[panda train] update 117500/1000000, loss=0.016696
[panda train] update 118000/1000000, loss=0.022400
[panda train] update 118500/1000000, loss=0.026656
[panda train] update 119000/1000000, loss=0.025458
[panda train] update 119500/1000000, loss=0.020888
[panda train] update 120000/1000000, loss=0.019562
[panda train] update 120500/1000000, loss=0.020542
[panda train] update 121000/1000000, loss=0.018492
[panda train] update 121500/1000000, loss=0.014354
[panda train] update 122000/1000000, loss=0.024325
[panda train] update 122500/1000000, loss=0.019115
[panda train] update 123000/1000000, loss=0.018138
[panda train] update 123500/1000000, loss=0.015468
[panda train] update 124000/1000000, loss=0.019463
[panda train] update 124500/1000000, loss=0.018377
[panda train] update 125000/1000000, loss=0.016181
[panda train] update 125500/1000000, loss=0.020464
[panda train] update 126000/1000000, loss=0.022044
[panda train] update 126500/1000000, loss=0.029198
[panda train] update 127000/1000000, loss=0.014135
[panda train] update 127500/1000000, loss=0.027024
[panda train] update 128000/1000000, loss=0.016193
[panda train] update 128500/1000000, loss=0.018706
[panda train] update 129000/1000000, loss=0.025197
[panda train] update 129500/1000000, loss=0.016083
[panda train] update 130000/1000000, loss=0.023623
[panda train] update 130500/1000000, loss=0.022770
[panda train] update 131000/1000000, loss=0.016237
[panda train] update 131500/1000000, loss=0.021103
[panda train] update 132000/1000000, loss=0.026205
[panda train] update 132500/1000000, loss=0.021208
[panda train] update 133000/1000000, loss=0.017308
[panda train] update 133500/1000000, loss=0.016081
[panda train] update 134000/1000000, loss=0.021761
[panda train] update 134500/1000000, loss=0.017169
[panda train] update 135000/1000000, loss=0.019355
[panda train] update 135500/1000000, loss=0.018063
[panda train] update 136000/1000000, loss=0.023390
[panda train] update 136500/1000000, loss=0.024197
[panda train] update 137000/1000000, loss=0.015330
[panda train] update 137500/1000000, loss=0.018500
[panda train] update 138000/1000000, loss=0.009826
[panda train] update 138500/1000000, loss=0.016262
[panda train] update 139000/1000000, loss=0.019278
[panda train] update 139500/1000000, loss=0.018643
[panda train] update 140000/1000000, loss=0.020735
[panda train] update 140500/1000000, loss=0.020456
[panda train] update 141000/1000000, loss=0.018456
[panda train] update 141500/1000000, loss=0.016207
[panda train] update 142000/1000000, loss=0.015963
[panda train] update 142500/1000000, loss=0.020891
[panda train] update 143000/1000000, loss=0.016790
[panda train] update 143500/1000000, loss=0.012630
[panda train] update 144000/1000000, loss=0.016658
[panda train] update 144500/1000000, loss=0.015939
[panda train] update 145000/1000000, loss=0.019863
[panda train] update 145500/1000000, loss=0.016424
[panda train] update 146000/1000000, loss=0.015510
[panda train] update 146500/1000000, loss=0.014256
[panda train] update 147000/1000000, loss=0.024991
[panda train] update 147500/1000000, loss=0.013675
[panda train] update 148000/1000000, loss=0.016191
[panda train] update 148500/1000000, loss=0.017554
[panda train] update 149000/1000000, loss=0.018597
[panda train] update 149500/1000000, loss=0.018830
[panda train] update 150000/1000000, loss=0.018893
[panda train] update 150500/1000000, loss=0.013653
[panda train] update 151000/1000000, loss=0.020234
[panda train] update 151500/1000000, loss=0.021070
[panda train] update 152000/1000000, loss=0.021132
[panda train] update 152500/1000000, loss=0.009998
[panda train] update 153000/1000000, loss=0.015464
[panda train] update 153500/1000000, loss=0.015735
[panda train] update 154000/1000000, loss=0.014546
[panda train] update 154500/1000000, loss=0.013826
[panda train] update 155000/1000000, loss=0.013680
[panda train] update 155500/1000000, loss=0.014078
[panda train] update 156000/1000000, loss=0.014235
[panda train] update 156500/1000000, loss=0.021188
[panda train] update 157000/1000000, loss=0.016033
[panda train] update 157500/1000000, loss=0.018608
[panda train] update 158000/1000000, loss=0.023428
[panda train] update 158500/1000000, loss=0.024405
[panda train] update 159000/1000000, loss=0.022070
[panda train] update 159500/1000000, loss=0.018540
[panda train] update 160000/1000000, loss=0.013955
[panda train] update 160500/1000000, loss=0.016647
[panda train] update 161000/1000000, loss=0.020068
[panda train] update 161500/1000000, loss=0.016188
[panda train] update 162000/1000000, loss=0.017266
[panda train] update 162500/1000000, loss=0.014706
[panda train] update 163000/1000000, loss=0.017911
[panda train] update 163500/1000000, loss=0.013608
[panda train] update 164000/1000000, loss=0.016506
[panda train] update 164500/1000000, loss=0.014830
[panda train] update 165000/1000000, loss=0.018742
[panda train] update 165500/1000000, loss=0.017608
[panda train] update 166000/1000000, loss=0.015733
[panda train] update 166500/1000000, loss=0.014474
[panda train] update 167000/1000000, loss=0.013741
[panda train] update 167500/1000000, loss=0.012947
[panda train] update 168000/1000000, loss=0.012210
[panda train] update 168500/1000000, loss=0.016751
[panda train] update 169000/1000000, loss=0.013024
[panda train] update 169500/1000000, loss=0.016885
[panda train] update 170000/1000000, loss=0.022604
[panda train] update 170500/1000000, loss=0.019904
[panda train] update 171000/1000000, loss=0.013917
[panda train] update 171500/1000000, loss=0.018766
[panda train] update 172000/1000000, loss=0.010957
[panda train] update 172500/1000000, loss=0.019034
[panda train] update 173000/1000000, loss=0.023583
[panda train] update 173500/1000000, loss=0.020334
[panda train] update 174000/1000000, loss=0.017270
[panda train] update 174500/1000000, loss=0.011979
[panda train] update 175000/1000000, loss=0.012617
[panda train] update 175500/1000000, loss=0.015809
[panda train] update 176000/1000000, loss=0.014835
[panda train] update 176500/1000000, loss=0.015216
[panda train] update 177000/1000000, loss=0.016406
[panda train] update 177500/1000000, loss=0.014967
[panda train] update 178000/1000000, loss=0.015746
[panda train] update 178500/1000000, loss=0.015272
[panda train] update 179000/1000000, loss=0.017212
[panda train] update 179500/1000000, loss=0.018453
[panda train] update 180000/1000000, loss=0.022161
[panda train] update 180500/1000000, loss=0.019842
[panda train] update 181000/1000000, loss=0.011926
[panda train] update 181500/1000000, loss=0.018730
[panda train] update 182000/1000000, loss=0.012737
[panda train] update 182500/1000000, loss=0.021293
[panda train] update 183000/1000000, loss=0.014935
[panda train] update 183500/1000000, loss=0.018461
[panda train] update 184000/1000000, loss=0.019507
[panda train] update 184500/1000000, loss=0.015043
[panda train] update 185000/1000000, loss=0.014243
[panda train] update 185500/1000000, loss=0.013927
[panda train] update 186000/1000000, loss=0.016707
[panda train] update 186500/1000000, loss=0.012903
[panda train] update 187000/1000000, loss=0.018807
[panda train] update 187500/1000000, loss=0.014151
[panda train] update 188000/1000000, loss=0.022973
[panda train] update 188500/1000000, loss=0.016376
[panda train] update 189000/1000000, loss=0.016093
[panda train] update 189500/1000000, loss=0.013719
[panda train] update 190000/1000000, loss=0.011034
[panda train] update 190500/1000000, loss=0.014270
[panda train] update 191000/1000000, loss=0.018129
[panda train] update 191500/1000000, loss=0.012711
[panda train] update 192000/1000000, loss=0.020149
[panda train] update 192500/1000000, loss=0.016695
[panda train] update 193000/1000000, loss=0.015783
[panda train] update 193500/1000000, loss=0.017232
[panda train] update 194000/1000000, loss=0.015995
[panda train] update 194500/1000000, loss=0.014113
[panda train] update 195000/1000000, loss=0.015195
[panda train] update 195500/1000000, loss=0.016343
[panda train] update 196000/1000000, loss=0.019490
[panda train] update 196500/1000000, loss=0.018625
[panda train] update 197000/1000000, loss=0.012676
[panda train] update 197500/1000000, loss=0.018863
[panda train] update 198000/1000000, loss=0.012007
[panda train] update 198500/1000000, loss=0.019575
[panda train] update 199000/1000000, loss=0.023236
[panda train] update 199500/1000000, loss=0.019416
[panda train] update 200000/1000000, loss=0.019940
[panda train] update 200500/1000000, loss=0.019731
[panda train] update 201000/1000000, loss=0.016282
[panda train] update 201500/1000000, loss=0.015543
[panda train] update 202000/1000000, loss=0.012991
[panda train] update 202500/1000000, loss=0.015167
[panda train] update 203000/1000000, loss=0.016092
[panda train] update 203500/1000000, loss=0.016525
[panda train] update 204000/1000000, loss=0.015569
[panda train] update 204500/1000000, loss=0.018524
[panda train] update 205000/1000000, loss=0.014195
[panda train] update 205500/1000000, loss=0.019136
[panda train] update 206000/1000000, loss=0.017438
[panda train] update 206500/1000000, loss=0.009053
[panda train] update 207000/1000000, loss=0.013626
[panda train] update 207500/1000000, loss=0.024131
[panda train] update 208000/1000000, loss=0.019393
[panda train] update 208500/1000000, loss=0.014341
[panda train] update 209000/1000000, loss=0.012478
[panda train] update 209500/1000000, loss=0.019866
[panda train] update 210000/1000000, loss=0.016352
[panda train] update 210500/1000000, loss=0.015099
[panda train] update 211000/1000000, loss=0.014690
[panda train] update 211500/1000000, loss=0.016883
[panda train] update 212000/1000000, loss=0.018318
[panda train] update 212500/1000000, loss=0.016697
[panda train] update 213000/1000000, loss=0.012496
[panda train] update 213500/1000000, loss=0.019285
[panda train] update 214000/1000000, loss=0.013866
[panda train] update 214500/1000000, loss=0.014091
[panda train] update 215000/1000000, loss=0.018248
[panda train] update 215500/1000000, loss=0.018898
[panda train] update 216000/1000000, loss=0.018179
[panda train] update 216500/1000000, loss=0.012516
[panda train] update 217000/1000000, loss=0.009283
[panda train] update 217500/1000000, loss=0.012409
[panda train] update 218000/1000000, loss=0.015846
[panda train] update 218500/1000000, loss=0.014068
[panda train] update 219000/1000000, loss=0.017032
[panda train] update 219500/1000000, loss=0.014539
[panda train] update 220000/1000000, loss=0.014112
[panda train] update 220500/1000000, loss=0.020810
[panda train] update 221000/1000000, loss=0.017541
[panda train] update 221500/1000000, loss=0.011891
[panda train] update 222000/1000000, loss=0.013258
[panda train] update 222500/1000000, loss=0.024049
[panda train] update 223000/1000000, loss=0.015016
[panda train] update 223500/1000000, loss=0.014591
[panda train] update 224000/1000000, loss=0.012485
[panda train] update 224500/1000000, loss=0.012724
[panda train] update 225000/1000000, loss=0.016937
[panda train] update 225500/1000000, loss=0.014789
[panda train] update 226000/1000000, loss=0.017364
[panda train] update 226500/1000000, loss=0.013430
[panda train] update 227000/1000000, loss=0.014794
[panda train] update 227500/1000000, loss=0.013815
[panda train] update 228000/1000000, loss=0.015722
[panda train] update 228500/1000000, loss=0.012785
[panda train] update 229000/1000000, loss=0.009931
[panda train] update 229500/1000000, loss=0.017253
[panda train] update 230000/1000000, loss=0.020103
[panda train] update 230500/1000000, loss=0.014317
[panda train] update 231000/1000000, loss=0.018198
[panda train] update 231500/1000000, loss=0.014548
[panda train] update 232000/1000000, loss=0.017556
[panda train] update 232500/1000000, loss=0.020957
[panda train] update 233000/1000000, loss=0.013874
[panda train] update 233500/1000000, loss=0.017553
[panda train] update 234000/1000000, loss=0.017941
[panda train] update 234500/1000000, loss=0.015886
[panda train] update 235000/1000000, loss=0.015805
[panda train] update 235500/1000000, loss=0.012611
[panda train] update 236000/1000000, loss=0.016531
[panda train] update 236500/1000000, loss=0.012599
[panda train] update 237000/1000000, loss=0.010163
[panda train] update 237500/1000000, loss=0.014987
[panda train] update 238000/1000000, loss=0.013956
[panda train] update 238500/1000000, loss=0.014064
[panda train] update 239000/1000000, loss=0.016113
[panda train] update 239500/1000000, loss=0.015116
[panda train] update 240000/1000000, loss=0.015875
[panda train] update 240500/1000000, loss=0.015171
[panda train] update 241000/1000000, loss=0.014011
[panda train] update 241500/1000000, loss=0.017835
[panda train] update 242000/1000000, loss=0.013339
[panda train] update 242500/1000000, loss=0.016300
[panda train] update 243000/1000000, loss=0.011568
[panda train] update 243500/1000000, loss=0.014246
[panda train] update 244000/1000000, loss=0.015799
[panda train] update 244500/1000000, loss=0.014720
[panda train] update 245000/1000000, loss=0.015659
[panda train] update 245500/1000000, loss=0.017352
[panda train] update 246000/1000000, loss=0.021610
[panda train] update 246500/1000000, loss=0.013568
[panda train] update 247000/1000000, loss=0.011527
[panda train] update 247500/1000000, loss=0.014862
[panda train] update 248000/1000000, loss=0.014101
[panda train] update 248500/1000000, loss=0.017786
[panda train] update 249000/1000000, loss=0.014654
[panda train] update 249500/1000000, loss=0.015304
[panda train] update 250000/1000000, loss=0.013214
[panda train] update 250500/1000000, loss=0.011205
[panda train] update 251000/1000000, loss=0.014723
[panda train] update 251500/1000000, loss=0.017936
[panda train] update 252000/1000000, loss=0.011531
[panda train] update 252500/1000000, loss=0.011886
[panda train] update 253000/1000000, loss=0.017914
[panda train] update 253500/1000000, loss=0.022008
[panda train] update 254000/1000000, loss=0.014293
[panda train] update 254500/1000000, loss=0.013710
[panda train] update 255000/1000000, loss=0.018060
[panda train] update 255500/1000000, loss=0.015326
[panda train] update 256000/1000000, loss=0.019195
[panda train] update 256500/1000000, loss=0.020629
[panda train] update 257000/1000000, loss=0.013625
[panda train] update 257500/1000000, loss=0.011285
[panda train] update 258000/1000000, loss=0.017413
[panda train] update 258500/1000000, loss=0.015776
[panda train] update 259000/1000000, loss=0.014416
[panda train] update 259500/1000000, loss=0.015768
[panda train] update 260000/1000000, loss=0.020714
[panda train] update 260500/1000000, loss=0.012046
[panda train] update 261000/1000000, loss=0.015226
[panda train] update 261500/1000000, loss=0.017477
[panda train] update 262000/1000000, loss=0.010351
[panda train] update 262500/1000000, loss=0.018118
[panda train] update 263000/1000000, loss=0.012238
[panda train] update 263500/1000000, loss=0.008861
[panda train] update 264000/1000000, loss=0.016592
[panda train] update 264500/1000000, loss=0.016858
[panda train] update 265000/1000000, loss=0.015643
[panda train] update 265500/1000000, loss=0.018835
[panda train] update 266000/1000000, loss=0.009097
[panda train] update 266500/1000000, loss=0.014015
[panda train] update 267000/1000000, loss=0.018189
[panda train] update 267500/1000000, loss=0.013897
[panda train] update 268000/1000000, loss=0.014072
[panda train] update 268500/1000000, loss=0.017031
[panda train] update 269000/1000000, loss=0.017342
[panda train] update 269500/1000000, loss=0.017541
[panda train] update 270000/1000000, loss=0.012578
[panda train] update 270500/1000000, loss=0.016034
[panda train] update 271000/1000000, loss=0.012894
[panda train] update 271500/1000000, loss=0.015318
[panda train] update 272000/1000000, loss=0.011224
[panda train] update 272500/1000000, loss=0.012336
[panda train] update 273000/1000000, loss=0.015866
[panda train] update 273500/1000000, loss=0.011352
[panda train] update 274000/1000000, loss=0.011220
[panda train] update 274500/1000000, loss=0.015887
[panda train] update 275000/1000000, loss=0.017617
[panda train] update 275500/1000000, loss=0.017465
[panda train] update 276000/1000000, loss=0.014517
[panda train] update 276500/1000000, loss=0.012078
[panda train] update 277000/1000000, loss=0.013820
[panda train] update 277500/1000000, loss=0.019735
[panda train] update 278000/1000000, loss=0.011781
[panda train] update 278500/1000000, loss=0.011662
[panda train] update 279000/1000000, loss=0.015621
[panda train] update 279500/1000000, loss=0.012659
[panda train] update 280000/1000000, loss=0.020076
[panda train] update 280500/1000000, loss=0.017800
[panda train] update 281000/1000000, loss=0.012970
[panda train] update 281500/1000000, loss=0.014523
[panda train] update 282000/1000000, loss=0.016442
[panda train] update 282500/1000000, loss=0.011528
[panda train] update 283000/1000000, loss=0.014459
[panda train] update 283500/1000000, loss=0.016534
[panda train] update 284000/1000000, loss=0.012856
[panda train] update 284500/1000000, loss=0.018341
[panda train] update 285000/1000000, loss=0.018240
[panda train] update 285500/1000000, loss=0.020359
[panda train] update 286000/1000000, loss=0.010936
[panda train] update 286500/1000000, loss=0.015282
[panda train] update 287000/1000000, loss=0.009356
[panda train] update 287500/1000000, loss=0.022234
[panda train] update 288000/1000000, loss=0.016227
[panda train] update 288500/1000000, loss=0.015215
[panda train] update 289000/1000000, loss=0.013995
[panda train] update 289500/1000000, loss=0.014910
[panda train] update 290000/1000000, loss=0.020360
[panda train] update 290500/1000000, loss=0.017533
[panda train] update 291000/1000000, loss=0.014117
[panda train] update 291500/1000000, loss=0.015093
[panda train] update 292000/1000000, loss=0.016325
[panda train] update 292500/1000000, loss=0.017844
[panda train] update 293000/1000000, loss=0.013592
[panda train] update 293500/1000000, loss=0.016830
[panda train] update 294000/1000000, loss=0.019402
[panda train] update 294500/1000000, loss=0.012612
[panda train] update 295000/1000000, loss=0.015212
[panda train] update 295500/1000000, loss=0.015298
[panda train] update 296000/1000000, loss=0.013048
[panda train] update 296500/1000000, loss=0.012408
[panda train] update 297000/1000000, loss=0.015142
[panda train] update 297500/1000000, loss=0.021672
[panda train] update 298000/1000000, loss=0.017190
[panda train] update 298500/1000000, loss=0.013823
[panda train] update 299000/1000000, loss=0.011817
[panda train] update 299500/1000000, loss=0.022247
[panda train] update 300000/1000000, loss=0.015600
[panda train] update 300500/1000000, loss=0.013809
[panda train] update 301000/1000000, loss=0.014360
[panda train] update 301500/1000000, loss=0.017161
[panda train] update 302000/1000000, loss=0.015722
[panda train] update 302500/1000000, loss=0.019276
[panda train] update 303000/1000000, loss=0.012884
[panda train] update 303500/1000000, loss=0.016129
[panda train] update 304000/1000000, loss=0.017924
[panda train] update 304500/1000000, loss=0.019077
[panda train] update 305000/1000000, loss=0.015363
[panda train] update 305500/1000000, loss=0.015303
[panda train] update 306000/1000000, loss=0.012471
[panda train] update 306500/1000000, loss=0.013639
[panda train] update 307000/1000000, loss=0.013461
[panda train] update 307500/1000000, loss=0.017672
[panda train] update 308000/1000000, loss=0.019933
[panda train] update 308500/1000000, loss=0.016264
[panda train] update 309000/1000000, loss=0.016762
[panda train] update 309500/1000000, loss=0.014774
[panda train] update 310000/1000000, loss=0.013448
[panda train] update 310500/1000000, loss=0.011447
[panda train] update 311000/1000000, loss=0.013997
[panda train] update 311500/1000000, loss=0.017665
[panda train] update 312000/1000000, loss=0.014265
[panda train] update 312500/1000000, loss=0.013755
[panda train] update 313000/1000000, loss=0.010125
[panda train] update 313500/1000000, loss=0.013707
[panda train] update 314000/1000000, loss=0.016695
[panda train] update 314500/1000000, loss=0.017585
[panda train] update 315000/1000000, loss=0.019071
[panda train] update 315500/1000000, loss=0.014271
[panda train] update 316000/1000000, loss=0.011415
[panda train] update 316500/1000000, loss=0.010211
[panda train] update 317000/1000000, loss=0.015987
[panda train] update 317500/1000000, loss=0.018591
[panda train] update 318000/1000000, loss=0.017265
[panda train] update 318500/1000000, loss=0.013025
[panda train] update 319000/1000000, loss=0.012441
[panda train] update 319500/1000000, loss=0.013689
[panda train] update 320000/1000000, loss=0.013799
[panda train] update 320500/1000000, loss=0.014219
[panda train] update 321000/1000000, loss=0.014929
[panda train] update 321500/1000000, loss=0.016301
[panda train] update 322000/1000000, loss=0.012732
[panda train] update 322500/1000000, loss=0.017827
[panda train] update 323000/1000000, loss=0.011996
[panda train] update 323500/1000000, loss=0.014901
[panda train] update 324000/1000000, loss=0.018436
[panda train] update 324500/1000000, loss=0.013419
[panda train] update 325000/1000000, loss=0.014069
[panda train] update 325500/1000000, loss=0.012683
[panda train] update 326000/1000000, loss=0.014489
[panda train] update 326500/1000000, loss=0.014574
[panda train] update 327000/1000000, loss=0.012290
[panda train] update 327500/1000000, loss=0.011802
[panda train] update 328000/1000000, loss=0.013750
[panda train] update 328500/1000000, loss=0.014456
[panda train] update 329000/1000000, loss=0.013926
[panda train] update 329500/1000000, loss=0.017264
[panda train] update 330000/1000000, loss=0.020400
[panda train] update 330500/1000000, loss=0.013537
[panda train] update 331000/1000000, loss=0.012184
[panda train] update 331500/1000000, loss=0.013595
[panda train] update 332000/1000000, loss=0.017938
[panda train] update 332500/1000000, loss=0.013749
[panda train] update 333000/1000000, loss=0.018264
[panda train] update 333500/1000000, loss=0.018014
[panda train] update 334000/1000000, loss=0.012692
[panda train] update 334500/1000000, loss=0.019071
[panda train] update 335000/1000000, loss=0.019901
[panda train] update 335500/1000000, loss=0.018155
[panda train] update 336000/1000000, loss=0.018038
[panda train] update 336500/1000000, loss=0.011652
[panda train] update 337000/1000000, loss=0.015227
[panda train] update 337500/1000000, loss=0.017852
[panda train] update 338000/1000000, loss=0.016987
[panda train] update 338500/1000000, loss=0.009301
[panda train] update 339000/1000000, loss=0.015312
[panda train] update 339500/1000000, loss=0.014524
[panda train] update 340000/1000000, loss=0.010818
[panda train] update 340500/1000000, loss=0.018424
[panda train] update 341000/1000000, loss=0.013338
[panda train] update 341500/1000000, loss=0.014707
[panda train] update 342000/1000000, loss=0.013974
[panda train] update 342500/1000000, loss=0.010272
[panda train] update 343000/1000000, loss=0.013572
[panda train] update 343500/1000000, loss=0.020815
[panda train] update 344000/1000000, loss=0.017151
[panda train] update 344500/1000000, loss=0.014734
[panda train] update 345000/1000000, loss=0.017516
[panda train] update 345500/1000000, loss=0.018406
[panda train] update 346000/1000000, loss=0.012537
[panda train] update 346500/1000000, loss=0.021315
[panda train] update 347000/1000000, loss=0.018279
[panda train] update 347500/1000000, loss=0.012324
[panda train] update 348000/1000000, loss=0.012685
[panda train] update 348500/1000000, loss=0.009676
[panda train] update 349000/1000000, loss=0.012251
[panda train] update 349500/1000000, loss=0.015782
[panda train] update 350000/1000000, loss=0.019095
[panda train] update 350500/1000000, loss=0.015590
[panda train] update 351000/1000000, loss=0.011219
[panda train] update 351500/1000000, loss=0.015307
[panda train] update 352000/1000000, loss=0.018479
[panda train] update 352500/1000000, loss=0.016481
[panda train] update 353000/1000000, loss=0.013211
[panda train] update 353500/1000000, loss=0.017304
[panda train] update 354000/1000000, loss=0.020929
[panda train] update 354500/1000000, loss=0.013791
[panda train] update 355000/1000000, loss=0.015270
[panda train] update 355500/1000000, loss=0.013668
[panda train] update 356000/1000000, loss=0.012442
[panda train] update 356500/1000000, loss=0.016213
[panda train] update 357000/1000000, loss=0.016081
[panda train] update 357500/1000000, loss=0.016287
[panda train] update 358000/1000000, loss=0.012134
[panda train] update 358500/1000000, loss=0.016417
[panda train] update 359000/1000000, loss=0.023287
[panda train] update 359500/1000000, loss=0.017763
[panda train] update 360000/1000000, loss=0.014577
[panda train] update 360500/1000000, loss=0.014879
[panda train] update 361000/1000000, loss=0.014480
[panda train] update 361500/1000000, loss=0.013731
[panda train] update 362000/1000000, loss=0.017544
[panda train] update 362500/1000000, loss=0.016655
[panda train] update 363000/1000000, loss=0.011882
[panda train] update 363500/1000000, loss=0.018843
[panda train] update 364000/1000000, loss=0.015059
[panda train] update 364500/1000000, loss=0.014091
[panda train] update 365000/1000000, loss=0.011254
[panda train] update 365500/1000000, loss=0.012148
[panda train] update 366000/1000000, loss=0.013903
[panda train] update 366500/1000000, loss=0.012251
[panda train] update 367000/1000000, loss=0.015675
[panda train] update 367500/1000000, loss=0.010755
[panda train] update 368000/1000000, loss=0.019167
[panda train] update 368500/1000000, loss=0.013309
[panda train] update 369000/1000000, loss=0.015376
[panda train] update 369500/1000000, loss=0.018530
[panda train] update 370000/1000000, loss=0.010608
[panda train] update 370500/1000000, loss=0.013520
[panda train] update 371000/1000000, loss=0.008970
[panda train] update 371500/1000000, loss=0.012649
[panda train] update 372000/1000000, loss=0.011102
[panda train] update 372500/1000000, loss=0.011525
[panda train] update 373000/1000000, loss=0.010619
[panda train] update 373500/1000000, loss=0.014970
[panda train] update 374000/1000000, loss=0.020289
[panda train] update 374500/1000000, loss=0.016150
[panda train] update 375000/1000000, loss=0.012626
[panda train] update 375500/1000000, loss=0.013383
[panda train] update 376000/1000000, loss=0.014632
[panda train] update 376500/1000000, loss=0.013232
[panda train] update 377000/1000000, loss=0.015199
[panda train] update 377500/1000000, loss=0.014408
[panda train] update 378000/1000000, loss=0.018573
[panda train] update 378500/1000000, loss=0.012378
[panda train] update 379000/1000000, loss=0.016128
[panda train] update 379500/1000000, loss=0.016750
[panda train] update 380000/1000000, loss=0.010357
[panda train] update 380500/1000000, loss=0.017973
[panda train] update 381000/1000000, loss=0.010283
[panda train] update 381500/1000000, loss=0.009550
[panda train] update 382000/1000000, loss=0.012930
[panda train] update 382500/1000000, loss=0.014121
[panda train] update 383000/1000000, loss=0.018520
[panda train] update 383500/1000000, loss=0.018415
[panda train] update 384000/1000000, loss=0.012608
[panda train] update 384500/1000000, loss=0.011796
[panda train] update 385000/1000000, loss=0.011790
[panda train] update 385500/1000000, loss=0.015673
[panda train] update 386000/1000000, loss=0.013905
[panda train] update 386500/1000000, loss=0.014916
[panda train] update 387000/1000000, loss=0.015841
[panda train] update 387500/1000000, loss=0.016023
[panda train] update 388000/1000000, loss=0.014939
[panda train] update 388500/1000000, loss=0.015407
[panda train] update 389000/1000000, loss=0.012965
[panda train] update 389500/1000000, loss=0.013652
[panda train] update 390000/1000000, loss=0.010933
[panda train] update 390500/1000000, loss=0.011812
[panda train] update 391000/1000000, loss=0.018739
[panda train] update 391500/1000000, loss=0.009355
[panda train] update 392000/1000000, loss=0.007290
[panda train] update 392500/1000000, loss=0.009870
[panda train] update 393000/1000000, loss=0.011359
[panda train] update 393500/1000000, loss=0.014258
[panda train] update 394000/1000000, loss=0.013497
[panda train] update 394500/1000000, loss=0.010743
[panda train] update 395000/1000000, loss=0.015797
[panda train] update 395500/1000000, loss=0.011467
[panda train] update 396000/1000000, loss=0.014295
[panda train] update 396500/1000000, loss=0.013243
[panda train] update 397000/1000000, loss=0.016104
[panda train] update 397500/1000000, loss=0.010490
[panda train] update 398000/1000000, loss=0.012109
[panda train] update 398500/1000000, loss=0.012367
[panda train] update 399000/1000000, loss=0.016466
[panda train] update 399500/1000000, loss=0.016574
[panda train] update 400000/1000000, loss=0.013441
[panda train] update 400500/1000000, loss=0.015814
[panda train] update 401000/1000000, loss=0.015665
[panda train] update 401500/1000000, loss=0.012716
[panda train] update 402000/1000000, loss=0.009193
[panda train] update 402500/1000000, loss=0.014159
[panda train] update 403000/1000000, loss=0.012318
[panda train] update 403500/1000000, loss=0.013370
[panda train] update 404000/1000000, loss=0.015656
[panda train] update 404500/1000000, loss=0.015801
[panda train] update 405000/1000000, loss=0.014272
[panda train] update 405500/1000000, loss=0.012666
[panda train] update 406000/1000000, loss=0.015760
[panda train] update 406500/1000000, loss=0.014788
[panda train] update 407000/1000000, loss=0.012003
[panda train] update 407500/1000000, loss=0.009295
[panda train] update 408000/1000000, loss=0.017063
[panda train] update 408500/1000000, loss=0.011240
[panda train] update 409000/1000000, loss=0.014105
[panda train] update 409500/1000000, loss=0.016625
[panda train] update 410000/1000000, loss=0.016512
[panda train] update 410500/1000000, loss=0.019501
[panda train] update 411000/1000000, loss=0.015823
[panda train] update 411500/1000000, loss=0.011085
[panda train] update 412000/1000000, loss=0.014916
[panda train] update 412500/1000000, loss=0.016002
[panda train] update 413000/1000000, loss=0.016913
[panda train] update 413500/1000000, loss=0.014067
[panda train] update 414000/1000000, loss=0.014659
[panda train] update 414500/1000000, loss=0.015667
[panda train] update 415000/1000000, loss=0.012853
[panda train] update 415500/1000000, loss=0.010940
[panda train] update 416000/1000000, loss=0.012097
[panda train] update 416500/1000000, loss=0.014537
[panda train] update 417000/1000000, loss=0.011200
[panda train] update 417500/1000000, loss=0.016820
[panda train] update 418000/1000000, loss=0.019855
[panda train] update 418500/1000000, loss=0.015547
[panda train] update 419000/1000000, loss=0.013394
[panda train] update 419500/1000000, loss=0.013148
[panda train] update 420000/1000000, loss=0.017515
[panda train] update 420500/1000000, loss=0.012420
[panda train] update 421000/1000000, loss=0.016979
[panda train] update 421500/1000000, loss=0.012840
[panda train] update 422000/1000000, loss=0.010420
[panda train] update 422500/1000000, loss=0.010175
[panda train] update 423000/1000000, loss=0.009741
[panda train] update 423500/1000000, loss=0.012850
[panda train] update 424000/1000000, loss=0.016870
[panda train] update 424500/1000000, loss=0.019870
[panda train] update 425000/1000000, loss=0.012087
[panda train] update 425500/1000000, loss=0.013351
[panda train] update 426000/1000000, loss=0.015549
[panda train] update 426500/1000000, loss=0.010916
[panda train] update 427000/1000000, loss=0.015066
[panda train] update 427500/1000000, loss=0.015048
[panda train] update 428000/1000000, loss=0.014866
[panda train] update 428500/1000000, loss=0.017400
[panda train] update 429000/1000000, loss=0.016074
[panda train] update 429500/1000000, loss=0.016034
[panda train] update 430000/1000000, loss=0.013321
[panda train] update 430500/1000000, loss=0.016618
[panda train] update 431000/1000000, loss=0.011193
[panda train] update 431500/1000000, loss=0.015821
[panda train] update 432000/1000000, loss=0.014059
[panda train] update 432500/1000000, loss=0.011865
[panda train] update 433000/1000000, loss=0.009823
[panda train] update 433500/1000000, loss=0.013686
[panda train] update 434000/1000000, loss=0.013795
[panda train] update 434500/1000000, loss=0.013625
[panda train] update 435000/1000000, loss=0.014434
[panda train] update 435500/1000000, loss=0.015690
[panda train] update 436000/1000000, loss=0.016402
[panda train] update 436500/1000000, loss=0.016282
[panda train] update 437000/1000000, loss=0.017877
[panda train] update 437500/1000000, loss=0.011205
[panda train] update 438000/1000000, loss=0.011691
[panda train] update 438500/1000000, loss=0.016621
[panda train] update 439000/1000000, loss=0.013536
[panda train] update 439500/1000000, loss=0.015382
[panda train] update 440000/1000000, loss=0.012928
[panda train] update 440500/1000000, loss=0.018127
[panda train] update 441000/1000000, loss=0.014638
[panda train] update 441500/1000000, loss=0.017895
[panda train] update 442000/1000000, loss=0.015748
[panda train] update 442500/1000000, loss=0.013171
[panda train] update 443000/1000000, loss=0.013482
[panda train] update 443500/1000000, loss=0.012130
[panda train] update 444000/1000000, loss=0.015053
[panda train] update 444500/1000000, loss=0.014315
[panda train] update 445000/1000000, loss=0.017537
[panda train] update 445500/1000000, loss=0.012494
[panda train] update 446000/1000000, loss=0.012264
[panda train] update 446500/1000000, loss=0.010146
[panda train] update 447000/1000000, loss=0.011123
[panda train] update 447500/1000000, loss=0.013113
[panda train] update 448000/1000000, loss=0.012745
[panda train] update 448500/1000000, loss=0.015342
[panda train] update 449000/1000000, loss=0.017798
[panda train] update 449500/1000000, loss=0.014254
[panda train] update 450000/1000000, loss=0.012454
[panda train] update 450500/1000000, loss=0.015414
[panda train] update 451000/1000000, loss=0.011101
[panda train] update 451500/1000000, loss=0.013805
[panda train] update 452000/1000000, loss=0.013457
[panda train] update 452500/1000000, loss=0.016941
[panda train] update 453000/1000000, loss=0.015650
[panda train] update 453500/1000000, loss=0.021316
[panda train] update 454000/1000000, loss=0.009427
[panda train] update 454500/1000000, loss=0.011326
[panda train] update 455000/1000000, loss=0.016905
[panda train] update 455500/1000000, loss=0.014969
[panda train] update 456000/1000000, loss=0.007888
[panda train] update 456500/1000000, loss=0.010970
[panda train] update 457000/1000000, loss=0.009850
[panda train] update 457500/1000000, loss=0.014980
[panda train] update 458000/1000000, loss=0.014778
[panda train] update 458500/1000000, loss=0.014634
[panda train] update 459000/1000000, loss=0.007770
[panda train] update 459500/1000000, loss=0.014091
[panda train] update 460000/1000000, loss=0.011613
[panda train] update 460500/1000000, loss=0.012828
[panda train] update 461000/1000000, loss=0.012589
[panda train] update 461500/1000000, loss=0.020076
[panda train] update 462000/1000000, loss=0.010836
[panda train] update 462500/1000000, loss=0.018988
[panda train] update 463000/1000000, loss=0.010945
[panda train] update 463500/1000000, loss=0.015326
[panda train] update 464000/1000000, loss=0.015734
[panda train] update 464500/1000000, loss=0.011405
[panda train] update 465000/1000000, loss=0.010834
[panda train] update 465500/1000000, loss=0.008971
[panda train] update 466000/1000000, loss=0.014013
[panda train] update 466500/1000000, loss=0.015839
[panda train] update 467000/1000000, loss=0.016055
[panda train] update 467500/1000000, loss=0.014542
[panda train] update 468000/1000000, loss=0.012634
[panda train] update 468500/1000000, loss=0.014895
[panda train] update 469000/1000000, loss=0.012693
[panda train] update 469500/1000000, loss=0.012510
[panda train] update 470000/1000000, loss=0.012823
[panda train] update 470500/1000000, loss=0.008464
[panda train] update 471000/1000000, loss=0.011494
[panda train] update 471500/1000000, loss=0.014001
[panda train] update 472000/1000000, loss=0.014226
[panda train] update 472500/1000000, loss=0.013553
[panda train] update 473000/1000000, loss=0.014334
[panda train] update 473500/1000000, loss=0.013691
[panda train] update 474000/1000000, loss=0.013324
[panda train] update 474500/1000000, loss=0.014628
[panda train] update 475000/1000000, loss=0.016136
[panda train] update 475500/1000000, loss=0.016553
[panda train] update 476000/1000000, loss=0.014471
[panda train] update 476500/1000000, loss=0.011762
[panda train] update 477000/1000000, loss=0.010079
[panda train] update 477500/1000000, loss=0.012676
[panda train] update 478000/1000000, loss=0.012168
[panda train] update 478500/1000000, loss=0.015738
[panda train] update 479000/1000000, loss=0.011931
[panda train] update 479500/1000000, loss=0.016905
[panda train] update 480000/1000000, loss=0.011694
[panda train] update 480500/1000000, loss=0.014959
[panda train] update 481000/1000000, loss=0.014628
[panda train] update 481500/1000000, loss=0.013082
[panda train] update 482000/1000000, loss=0.013373
[panda train] update 482500/1000000, loss=0.009996
[panda train] update 483000/1000000, loss=0.007362
[panda train] update 483500/1000000, loss=0.015518
[panda train] update 484000/1000000, loss=0.013083
[panda train] update 484500/1000000, loss=0.016852
[panda train] update 485000/1000000, loss=0.016012
[panda train] update 485500/1000000, loss=0.010434
[panda train] update 486000/1000000, loss=0.014454
[panda train] update 486500/1000000, loss=0.013483
[panda train] update 487000/1000000, loss=0.015009
[panda train] update 487500/1000000, loss=0.011910
[panda train] update 488000/1000000, loss=0.009239
[panda train] update 488500/1000000, loss=0.015144
[panda train] update 489000/1000000, loss=0.010073
[panda train] update 489500/1000000, loss=0.010749
[panda train] update 490000/1000000, loss=0.015809
[panda train] update 490500/1000000, loss=0.013338
[panda train] update 491000/1000000, loss=0.015369
[panda train] update 491500/1000000, loss=0.016535
[panda train] update 492000/1000000, loss=0.016196
[panda train] update 492500/1000000, loss=0.018665
[panda train] update 493000/1000000, loss=0.017130
[panda train] update 493500/1000000, loss=0.012181
[panda train] update 494000/1000000, loss=0.014111
[panda train] update 494500/1000000, loss=0.013358
[panda train] update 495000/1000000, loss=0.012169
[panda train] update 495500/1000000, loss=0.017580
[panda train] update 496000/1000000, loss=0.012193
[panda train] update 496500/1000000, loss=0.010740
[panda train] update 497000/1000000, loss=0.009444
[panda train] update 497500/1000000, loss=0.013966
[panda train] update 498000/1000000, loss=0.016671
[panda train] update 498500/1000000, loss=0.009661
[panda train] update 499000/1000000, loss=0.016934
[panda train] update 499500/1000000, loss=0.014497
[panda train] update 500000/1000000, loss=0.016337
[panda train] update 500500/1000000, loss=0.012162
[panda train] update 501000/1000000, loss=0.012711
[panda train] update 501500/1000000, loss=0.013395
[panda train] update 502000/1000000, loss=0.014468
[panda train] update 502500/1000000, loss=0.018952
[panda train] update 503000/1000000, loss=0.010385
[panda train] update 503500/1000000, loss=0.016809
[panda train] update 504000/1000000, loss=0.011848
[panda train] update 504500/1000000, loss=0.015019
[panda train] update 505000/1000000, loss=0.010032
[panda train] update 505500/1000000, loss=0.014005
[panda train] update 506000/1000000, loss=0.014873
[panda train] update 506500/1000000, loss=0.017471
[panda train] update 507000/1000000, loss=0.017504
[panda train] update 507500/1000000, loss=0.012585
[panda train] update 508000/1000000, loss=0.011928
[panda train] update 508500/1000000, loss=0.014793
[panda train] update 509000/1000000, loss=0.017360
[panda train] update 509500/1000000, loss=0.014354
[panda train] update 510000/1000000, loss=0.017333
[panda train] update 510500/1000000, loss=0.009807
[panda train] update 511000/1000000, loss=0.013115
[panda train] update 511500/1000000, loss=0.012913
[panda train] update 512000/1000000, loss=0.014364
[panda train] update 512500/1000000, loss=0.011962
[panda train] update 513000/1000000, loss=0.014220
[panda train] update 513500/1000000, loss=0.014880
[panda train] update 514000/1000000, loss=0.013311
[panda train] update 514500/1000000, loss=0.017881
[panda train] update 515000/1000000, loss=0.011518
[panda train] update 515500/1000000, loss=0.014394
[panda train] update 516000/1000000, loss=0.012503
[panda train] update 516500/1000000, loss=0.020878
[panda train] update 517000/1000000, loss=0.012589
[panda train] update 517500/1000000, loss=0.009678
[panda train] update 518000/1000000, loss=0.010878
[panda train] update 518500/1000000, loss=0.018079
[panda train] update 519000/1000000, loss=0.012317
[panda train] update 519500/1000000, loss=0.012618
[panda train] update 520000/1000000, loss=0.018249
[panda train] update 520500/1000000, loss=0.009955
[panda train] update 521000/1000000, loss=0.015381
[panda train] update 521500/1000000, loss=0.011524
[panda train] update 522000/1000000, loss=0.012791
[panda train] update 522500/1000000, loss=0.012931
[panda train] update 523000/1000000, loss=0.018621
[panda train] update 523500/1000000, loss=0.010683
[panda train] update 524000/1000000, loss=0.012528
[panda train] update 524500/1000000, loss=0.015080
[panda train] update 525000/1000000, loss=0.011940
[panda train] update 525500/1000000, loss=0.011228
[panda train] update 526000/1000000, loss=0.016068
[panda train] update 526500/1000000, loss=0.013824
[panda train] update 527000/1000000, loss=0.013048
[panda train] update 527500/1000000, loss=0.017270
[panda train] update 528000/1000000, loss=0.013681
[panda train] update 528500/1000000, loss=0.013393
[panda train] update 529000/1000000, loss=0.010782
[panda train] update 529500/1000000, loss=0.015178
[panda train] update 530000/1000000, loss=0.012243
[panda train] update 530500/1000000, loss=0.013594
[panda train] update 531000/1000000, loss=0.015621
[panda train] update 531500/1000000, loss=0.012719
[panda train] update 532000/1000000, loss=0.014838
[panda train] update 532500/1000000, loss=0.012548
[panda train] update 533000/1000000, loss=0.012039
[panda train] update 533500/1000000, loss=0.010620
[panda train] update 534000/1000000, loss=0.010169
[panda train] update 534500/1000000, loss=0.015131
[panda train] update 535000/1000000, loss=0.014105
[panda train] update 535500/1000000, loss=0.016493
[panda train] update 536000/1000000, loss=0.014110
[panda train] update 536500/1000000, loss=0.010302
[panda train] update 537000/1000000, loss=0.016020
[panda train] update 537500/1000000, loss=0.011410
[panda train] update 538000/1000000, loss=0.018212
[panda train] update 538500/1000000, loss=0.014731
[panda train] update 539000/1000000, loss=0.014057
[panda train] update 539500/1000000, loss=0.010119
[panda train] update 540000/1000000, loss=0.009876
[panda train] update 540500/1000000, loss=0.017268
[panda train] update 541000/1000000, loss=0.013460
[panda train] update 541500/1000000, loss=0.011639
[panda train] update 542000/1000000, loss=0.017872
[panda train] update 542500/1000000, loss=0.011136
[panda train] update 543000/1000000, loss=0.014770
[panda train] update 543500/1000000, loss=0.015250
[panda train] update 544000/1000000, loss=0.011213
[panda train] update 544500/1000000, loss=0.021041
[panda train] update 545000/1000000, loss=0.013772
[panda train] update 545500/1000000, loss=0.019017
[panda train] update 546000/1000000, loss=0.018178
[panda train] update 546500/1000000, loss=0.013178
[panda train] update 547000/1000000, loss=0.014655
[panda train] update 547500/1000000, loss=0.009406
[panda train] update 548000/1000000, loss=0.012384
[panda train] update 548500/1000000, loss=0.012418
[panda train] update 549000/1000000, loss=0.008140
[panda train] update 549500/1000000, loss=0.011397
[panda train] update 550000/1000000, loss=0.012772
[panda train] update 550500/1000000, loss=0.015395
[panda train] update 551000/1000000, loss=0.012037
[panda train] update 551500/1000000, loss=0.015567
[panda train] update 552000/1000000, loss=0.011942
[panda train] update 552500/1000000, loss=0.012758
[panda train] update 553000/1000000, loss=0.012437
[panda train] update 553500/1000000, loss=0.009734
[panda train] update 554000/1000000, loss=0.011759
[panda train] update 554500/1000000, loss=0.010778
[panda train] update 555000/1000000, loss=0.015669
[panda train] update 555500/1000000, loss=0.014591
[panda train] update 556000/1000000, loss=0.014022
[panda train] update 556500/1000000, loss=0.017200
[panda train] update 557000/1000000, loss=0.012567
[panda train] update 557500/1000000, loss=0.012732
[panda train] update 558000/1000000, loss=0.011883
[panda train] update 558500/1000000, loss=0.022307
[panda train] update 559000/1000000, loss=0.011035
[panda train] update 559500/1000000, loss=0.017082
[panda train] update 560000/1000000, loss=0.014227
[panda train] update 560500/1000000, loss=0.017922
[panda train] update 561000/1000000, loss=0.009534
[panda train] update 561500/1000000, loss=0.016730
[panda train] update 562000/1000000, loss=0.016928
[panda train] update 562500/1000000, loss=0.013031
[panda train] update 563000/1000000, loss=0.019501
[panda train] update 563500/1000000, loss=0.010368
[panda train] update 564000/1000000, loss=0.010290
[panda train] update 564500/1000000, loss=0.020265
[panda train] update 565000/1000000, loss=0.018423
[panda train] update 565500/1000000, loss=0.011745
[panda train] update 566000/1000000, loss=0.014681
[panda train] update 566500/1000000, loss=0.012284
[panda train] update 567000/1000000, loss=0.008926
[panda train] update 567500/1000000, loss=0.015056
[panda train] update 568000/1000000, loss=0.012774
[panda train] update 568500/1000000, loss=0.012180
[panda train] update 569000/1000000, loss=0.016725
[panda train] update 569500/1000000, loss=0.014130
[panda train] update 570000/1000000, loss=0.015008
[panda train] update 570500/1000000, loss=0.011805
[panda train] update 571000/1000000, loss=0.011007
[panda train] update 571500/1000000, loss=0.016398
[panda train] update 572000/1000000, loss=0.012155
[panda train] update 572500/1000000, loss=0.016685
[panda train] update 573000/1000000, loss=0.010984
[panda train] update 573500/1000000, loss=0.013894
[panda train] update 574000/1000000, loss=0.022852
[panda train] update 574500/1000000, loss=0.009927
[panda train] update 575000/1000000, loss=0.014958
[panda train] update 575500/1000000, loss=0.016684
[panda train] update 576000/1000000, loss=0.015054
[panda train] update 576500/1000000, loss=0.012230
[panda train] update 577000/1000000, loss=0.014586
[panda train] update 577500/1000000, loss=0.010884
[panda train] update 578000/1000000, loss=0.014863
[panda train] update 578500/1000000, loss=0.012930
[panda train] update 579000/1000000, loss=0.012375
[panda train] update 579500/1000000, loss=0.016136
[panda train] update 580000/1000000, loss=0.015146
[panda train] update 580500/1000000, loss=0.016866
[panda train] update 581000/1000000, loss=0.016595
[panda train] update 581500/1000000, loss=0.013038
[panda train] update 582000/1000000, loss=0.010637
[panda train] update 582500/1000000, loss=0.016754
[panda train] update 583000/1000000, loss=0.009295
[panda train] update 583500/1000000, loss=0.012205
[panda train] update 584000/1000000, loss=0.014326
[panda train] update 584500/1000000, loss=0.015219
[panda train] update 585000/1000000, loss=0.012152
[panda train] update 585500/1000000, loss=0.016798
[panda train] update 586000/1000000, loss=0.017281
[panda train] update 586500/1000000, loss=0.012908
[panda train] update 587000/1000000, loss=0.012419
[panda train] update 587500/1000000, loss=0.013196
[panda train] update 588000/1000000, loss=0.014477
[panda train] update 588500/1000000, loss=0.014093
[panda train] update 589000/1000000, loss=0.009738
[panda train] update 589500/1000000, loss=0.011433
[panda train] update 590000/1000000, loss=0.013512
[panda train] update 590500/1000000, loss=0.008820
[panda train] update 591000/1000000, loss=0.014793
[panda train] update 591500/1000000, loss=0.009884
[panda train] update 592000/1000000, loss=0.012823
[panda train] update 592500/1000000, loss=0.013509
[panda train] update 593000/1000000, loss=0.012250
[panda train] update 593500/1000000, loss=0.017047
[panda train] update 594000/1000000, loss=0.013434
[panda train] update 594500/1000000, loss=0.012520
[panda train] update 595000/1000000, loss=0.014004
[panda train] update 595500/1000000, loss=0.014203
[panda train] update 596000/1000000, loss=0.016712
[panda train] update 596500/1000000, loss=0.014099
[panda train] update 597000/1000000, loss=0.015247
[panda train] update 597500/1000000, loss=0.009637
[panda train] update 598000/1000000, loss=0.015804
[panda train] update 598500/1000000, loss=0.014353
[panda train] update 599000/1000000, loss=0.014976
[panda train] update 599500/1000000, loss=0.015293
[panda train] update 600000/1000000, loss=0.014892
[panda train] update 600500/1000000, loss=0.015908
[panda train] update 601000/1000000, loss=0.016735
[panda train] update 601500/1000000, loss=0.013687
[panda train] update 602000/1000000, loss=0.020800
[panda train] update 602500/1000000, loss=0.010640
[panda train] update 603000/1000000, loss=0.013592
[panda train] update 603500/1000000, loss=0.013140
[panda train] update 604000/1000000, loss=0.012687
[panda train] update 604500/1000000, loss=0.015549
[panda train] update 605000/1000000, loss=0.015623
[panda train] update 605500/1000000, loss=0.016618
[panda train] update 606000/1000000, loss=0.013612
[panda train] update 606500/1000000, loss=0.012266
[panda train] update 607000/1000000, loss=0.010365
[panda train] update 607500/1000000, loss=0.013478
[panda train] update 608000/1000000, loss=0.011383
[panda train] update 608500/1000000, loss=0.011697
[panda train] update 609000/1000000, loss=0.011745
[panda train] update 609500/1000000, loss=0.013123
[panda train] update 610000/1000000, loss=0.011964
[panda train] update 610500/1000000, loss=0.012275
[panda train] update 611000/1000000, loss=0.012463
[panda train] update 611500/1000000, loss=0.012005
[panda train] update 612000/1000000, loss=0.009524
[panda train] update 612500/1000000, loss=0.011340
[panda train] update 613000/1000000, loss=0.017710
[panda train] update 613500/1000000, loss=0.012270
[panda train] update 614000/1000000, loss=0.010799
[panda train] update 614500/1000000, loss=0.012949
[panda train] update 615000/1000000, loss=0.014075
[panda train] update 615500/1000000, loss=0.011419
[panda train] update 616000/1000000, loss=0.012745
[panda train] update 616500/1000000, loss=0.012526
[panda train] update 617000/1000000, loss=0.011866
[panda train] update 617500/1000000, loss=0.009567
[panda train] update 618000/1000000, loss=0.014781
[panda train] update 618500/1000000, loss=0.011558
[panda train] update 619000/1000000, loss=0.010322
[panda train] update 619500/1000000, loss=0.012597
[panda train] update 620000/1000000, loss=0.012654
[panda train] update 620500/1000000, loss=0.014124
[panda train] update 621000/1000000, loss=0.013854
[panda train] update 621500/1000000, loss=0.014341
[panda train] update 622000/1000000, loss=0.010932
[panda train] update 622500/1000000, loss=0.011186
[panda train] update 623000/1000000, loss=0.017543
[panda train] update 623500/1000000, loss=0.014494
[panda train] update 624000/1000000, loss=0.011896
[panda train] update 624500/1000000, loss=0.012829
[panda train] update 625000/1000000, loss=0.011670
[panda train] update 625500/1000000, loss=0.013788
[panda train] update 626000/1000000, loss=0.009655
[panda train] update 626500/1000000, loss=0.010454
[panda train] update 627000/1000000, loss=0.016639
[panda train] update 627500/1000000, loss=0.012191
[panda train] update 628000/1000000, loss=0.011653
[panda train] update 628500/1000000, loss=0.009624
[panda train] update 629000/1000000, loss=0.011640
[panda train] update 629500/1000000, loss=0.014046
[panda train] update 630000/1000000, loss=0.013178
[panda train] update 630500/1000000, loss=0.018893
[panda train] update 631000/1000000, loss=0.013430
[panda train] update 631500/1000000, loss=0.009916
[panda train] update 632000/1000000, loss=0.011648
[panda train] update 632500/1000000, loss=0.018662
[panda train] update 633000/1000000, loss=0.014294
[panda train] update 633500/1000000, loss=0.014079
[panda train] update 634000/1000000, loss=0.013547
[panda train] update 634500/1000000, loss=0.013710
[panda train] update 635000/1000000, loss=0.013613
[panda train] update 635500/1000000, loss=0.020556
[panda train] update 636000/1000000, loss=0.011280
[panda train] update 636500/1000000, loss=0.015343
[panda train] update 637000/1000000, loss=0.017008
[panda train] update 637500/1000000, loss=0.012852
[panda train] update 638000/1000000, loss=0.013260
[panda train] update 638500/1000000, loss=0.012217
[panda train] update 639000/1000000, loss=0.014833
[panda train] update 639500/1000000, loss=0.014348
[panda train] update 640000/1000000, loss=0.012405
[panda train] update 640500/1000000, loss=0.013006
[panda train] update 641000/1000000, loss=0.015284
[panda train] update 641500/1000000, loss=0.014783
[panda train] update 642000/1000000, loss=0.016017
[panda train] update 642500/1000000, loss=0.015392
[panda train] update 643000/1000000, loss=0.015977
[panda train] update 643500/1000000, loss=0.010586
[panda train] update 644000/1000000, loss=0.015408
[panda train] update 644500/1000000, loss=0.018784
[panda train] update 645000/1000000, loss=0.016609
[panda train] update 645500/1000000, loss=0.012339
[panda train] update 646000/1000000, loss=0.015122
[panda train] update 646500/1000000, loss=0.011329
[panda train] update 647000/1000000, loss=0.012522
[panda train] update 647500/1000000, loss=0.012545
[panda train] update 648000/1000000, loss=0.015123
[panda train] update 648500/1000000, loss=0.009048
[panda train] update 649000/1000000, loss=0.009186
[panda train] update 649500/1000000, loss=0.013212
[panda train] update 650000/1000000, loss=0.011695
[panda train] update 650500/1000000, loss=0.014351
[panda train] update 651000/1000000, loss=0.013881
[panda train] update 651500/1000000, loss=0.008574
[panda train] update 652000/1000000, loss=0.014009
[panda train] update 652500/1000000, loss=0.006840
[panda train] update 653000/1000000, loss=0.011574
[panda train] update 653500/1000000, loss=0.012590
[panda train] update 654000/1000000, loss=0.015529
[panda train] update 654500/1000000, loss=0.011613
[panda train] update 655000/1000000, loss=0.012259
[panda train] update 655500/1000000, loss=0.011716
[panda train] update 656000/1000000, loss=0.019193
[panda train] update 656500/1000000, loss=0.012318
[panda train] update 657000/1000000, loss=0.016681
[panda train] update 657500/1000000, loss=0.011961
[panda train] update 658000/1000000, loss=0.012418
[panda train] update 658500/1000000, loss=0.015355
[panda train] update 659000/1000000, loss=0.013267
[panda train] update 659500/1000000, loss=0.013723
[panda train] update 660000/1000000, loss=0.009125
[panda train] update 660500/1000000, loss=0.011433
[panda train] update 661000/1000000, loss=0.011432
[panda train] update 661500/1000000, loss=0.014575
[panda train] update 662000/1000000, loss=0.012294
[panda train] update 662500/1000000, loss=0.012504
[panda train] update 663000/1000000, loss=0.014424
[panda train] update 663500/1000000, loss=0.013010
[panda train] update 664000/1000000, loss=0.015284
[panda train] update 664500/1000000, loss=0.016383
[panda train] update 665000/1000000, loss=0.014049
[panda train] update 665500/1000000, loss=0.012065
[panda train] update 666000/1000000, loss=0.021778
[panda train] update 666500/1000000, loss=0.012862
[panda train] update 667000/1000000, loss=0.008178
[panda train] update 667500/1000000, loss=0.013669
[panda train] update 668000/1000000, loss=0.013541
[panda train] update 668500/1000000, loss=0.013335
[panda train] update 669000/1000000, loss=0.013110
[panda train] update 669500/1000000, loss=0.013576
[panda train] update 670000/1000000, loss=0.014349
[panda train] update 670500/1000000, loss=0.012145
[panda train] update 671000/1000000, loss=0.013821
[panda train] update 671500/1000000, loss=0.013866
[panda train] update 672000/1000000, loss=0.015448
[panda train] update 672500/1000000, loss=0.016241
[panda train] update 673000/1000000, loss=0.015287
[panda train] update 673500/1000000, loss=0.015635
[panda train] update 674000/1000000, loss=0.017751
[panda train] update 674500/1000000, loss=0.013276
[panda train] update 675000/1000000, loss=0.012447
[panda train] update 675500/1000000, loss=0.016956
[panda train] update 676000/1000000, loss=0.013012
[panda train] update 676500/1000000, loss=0.012715
[panda train] update 677000/1000000, loss=0.010233
[panda train] update 677500/1000000, loss=0.011056
[panda train] update 678000/1000000, loss=0.014873
[panda train] update 678500/1000000, loss=0.011773
[panda train] update 679000/1000000, loss=0.011688
[panda train] update 679500/1000000, loss=0.014913
[panda train] update 680000/1000000, loss=0.011255
[panda train] update 680500/1000000, loss=0.014285
[panda train] update 681000/1000000, loss=0.014447
[panda train] update 681500/1000000, loss=0.012756
[panda train] update 682000/1000000, loss=0.007174
[panda train] update 682500/1000000, loss=0.009699
[panda train] update 683000/1000000, loss=0.012582
[panda train] update 683500/1000000, loss=0.009251
[panda train] update 684000/1000000, loss=0.017647
[panda train] update 684500/1000000, loss=0.009231
[panda train] update 685000/1000000, loss=0.012273
[panda train] update 685500/1000000, loss=0.016140
[panda train] update 686000/1000000, loss=0.011189
[panda train] update 686500/1000000, loss=0.016109
[panda train] update 687000/1000000, loss=0.015385
[panda train] update 687500/1000000, loss=0.014781
[panda train] update 688000/1000000, loss=0.015502
[panda train] update 688500/1000000, loss=0.014366
[panda train] update 689000/1000000, loss=0.012345
[panda train] update 689500/1000000, loss=0.012483
[panda train] update 690000/1000000, loss=0.016930
[panda train] update 690500/1000000, loss=0.013853
[panda train] update 691000/1000000, loss=0.010957
[panda train] update 691500/1000000, loss=0.011518
[panda train] update 692000/1000000, loss=0.014738
[panda train] update 692500/1000000, loss=0.010749
[panda train] update 693000/1000000, loss=0.015915
[panda train] update 693500/1000000, loss=0.012150
[panda train] update 694000/1000000, loss=0.012101
[panda train] update 694500/1000000, loss=0.018768
[panda train] update 695000/1000000, loss=0.014961
[panda train] update 695500/1000000, loss=0.013259
[panda train] update 696000/1000000, loss=0.016490
[panda train] update 696500/1000000, loss=0.016972
[panda train] update 697000/1000000, loss=0.009734
[panda train] update 697500/1000000, loss=0.014248
[panda train] update 698000/1000000, loss=0.011629
[panda train] update 698500/1000000, loss=0.011899
[panda train] update 699000/1000000, loss=0.013079
[panda train] update 699500/1000000, loss=0.011227
[panda train] update 700000/1000000, loss=0.009307
[panda train] update 700500/1000000, loss=0.012416
[panda train] update 701000/1000000, loss=0.010634
[panda train] update 701500/1000000, loss=0.014718
[panda train] update 702000/1000000, loss=0.012015
[panda train] update 702500/1000000, loss=0.009704
[panda train] update 703000/1000000, loss=0.011935
[panda train] update 703500/1000000, loss=0.015279
[panda train] update 704000/1000000, loss=0.013117
[panda train] update 704500/1000000, loss=0.013828
[panda train] update 705000/1000000, loss=0.011575
[panda train] update 705500/1000000, loss=0.012632
[panda train] update 706000/1000000, loss=0.011602
[panda train] update 706500/1000000, loss=0.012023
[panda train] update 707000/1000000, loss=0.006664
[panda train] update 707500/1000000, loss=0.013255
[panda train] update 708000/1000000, loss=0.012533
[panda train] update 708500/1000000, loss=0.014168
[panda train] update 709000/1000000, loss=0.012741
[panda train] update 709500/1000000, loss=0.010928
[panda train] update 710000/1000000, loss=0.012164
[panda train] update 710500/1000000, loss=0.011637
[panda train] update 711000/1000000, loss=0.016287
[panda train] update 711500/1000000, loss=0.015467
[panda train] update 712000/1000000, loss=0.016384
[panda train] update 712500/1000000, loss=0.015165
[panda train] update 713000/1000000, loss=0.012113
[panda train] update 713500/1000000, loss=0.015086
[panda train] update 714000/1000000, loss=0.014127
[panda train] update 714500/1000000, loss=0.009294
[panda train] update 715000/1000000, loss=0.009686
[panda train] update 715500/1000000, loss=0.012948
[panda train] update 716000/1000000, loss=0.012203
[panda train] update 716500/1000000, loss=0.010922
[panda train] update 717000/1000000, loss=0.014676
[panda train] update 717500/1000000, loss=0.014357
[panda train] update 718000/1000000, loss=0.008382
[panda train] update 718500/1000000, loss=0.015207
[panda train] update 719000/1000000, loss=0.013877
[panda train] update 719500/1000000, loss=0.009943
[panda train] update 720000/1000000, loss=0.016804
[panda train] update 720500/1000000, loss=0.015886
[panda train] update 721000/1000000, loss=0.014996
[panda train] update 721500/1000000, loss=0.010303
[panda train] update 722000/1000000, loss=0.009467
[panda train] update 722500/1000000, loss=0.012260
[panda train] update 723000/1000000, loss=0.011470
[panda train] update 723500/1000000, loss=0.015709
[panda train] update 724000/1000000, loss=0.016952
[panda train] update 724500/1000000, loss=0.013030
[panda train] update 725000/1000000, loss=0.014498
[panda train] update 725500/1000000, loss=0.010959
[panda train] update 726000/1000000, loss=0.010677
[panda train] update 726500/1000000, loss=0.008686
[panda train] update 727000/1000000, loss=0.009718
[panda train] update 727500/1000000, loss=0.013618
[panda train] update 728000/1000000, loss=0.008007
[panda train] update 728500/1000000, loss=0.012380
[panda train] update 729000/1000000, loss=0.011874
[panda train] update 729500/1000000, loss=0.011524
[panda train] update 730000/1000000, loss=0.012118
[panda train] update 730500/1000000, loss=0.014210
[panda train] update 731000/1000000, loss=0.013869
[panda train] update 731500/1000000, loss=0.009780
[panda train] update 732000/1000000, loss=0.015665
[panda train] update 732500/1000000, loss=0.013466
[panda train] update 733000/1000000, loss=0.011361
[panda train] update 733500/1000000, loss=0.010485
[panda train] update 734000/1000000, loss=0.010897
[panda train] update 734500/1000000, loss=0.010978
[panda train] update 735000/1000000, loss=0.012922
[panda train] update 735500/1000000, loss=0.010423
[panda train] update 736000/1000000, loss=0.016582
[panda train] update 736500/1000000, loss=0.014107
[panda train] update 737000/1000000, loss=0.011658
[panda train] update 737500/1000000, loss=0.012976
[panda train] update 738000/1000000, loss=0.014159
[panda train] update 738500/1000000, loss=0.012345
[panda train] update 739000/1000000, loss=0.016661
[panda train] update 739500/1000000, loss=0.009307
[panda train] update 740000/1000000, loss=0.013322
[panda train] update 740500/1000000, loss=0.013083
[panda train] update 741000/1000000, loss=0.009165
[panda train] update 741500/1000000, loss=0.014453
[panda train] update 742000/1000000, loss=0.013518
[panda train] update 742500/1000000, loss=0.010199
[panda train] update 743000/1000000, loss=0.010062
[panda train] update 743500/1000000, loss=0.011911
[panda train] update 744000/1000000, loss=0.011677
[panda train] update 744500/1000000, loss=0.016318
[panda train] update 745000/1000000, loss=0.011109
[panda train] update 745500/1000000, loss=0.014487
[panda train] update 746000/1000000, loss=0.012834
[panda train] update 746500/1000000, loss=0.015320
[panda train] update 747000/1000000, loss=0.011108
[panda train] update 747500/1000000, loss=0.011826
[panda train] update 748000/1000000, loss=0.011348
[panda train] update 748500/1000000, loss=0.013700
[panda train] update 749000/1000000, loss=0.009085
[panda train] update 749500/1000000, loss=0.016719
[panda train] update 750000/1000000, loss=0.013850
[panda train] update 750500/1000000, loss=0.013034
[panda train] update 751000/1000000, loss=0.009916
[panda train] update 751500/1000000, loss=0.011361
[panda train] update 752000/1000000, loss=0.012840
[panda train] update 752500/1000000, loss=0.014254
[panda train] update 753000/1000000, loss=0.008284
[panda train] update 753500/1000000, loss=0.017329
[panda train] update 754000/1000000, loss=0.015741
[panda train] update 754500/1000000, loss=0.014159
[panda train] update 755000/1000000, loss=0.014113
[panda train] update 755500/1000000, loss=0.010246
[panda train] update 756000/1000000, loss=0.016940
[panda train] update 756500/1000000, loss=0.017688
[panda train] update 757000/1000000, loss=0.014855
[panda train] update 757500/1000000, loss=0.011656
[panda train] update 758000/1000000, loss=0.011772
[panda train] update 758500/1000000, loss=0.010238
[panda train] update 759000/1000000, loss=0.012473
[panda train] update 759500/1000000, loss=0.009261
[panda train] update 760000/1000000, loss=0.016355
[panda train] update 760500/1000000, loss=0.015444
[panda train] update 761000/1000000, loss=0.016278
[panda train] update 761500/1000000, loss=0.013314
[panda train] update 762000/1000000, loss=0.012915
[panda train] update 762500/1000000, loss=0.011548
[panda train] update 763000/1000000, loss=0.012555
[panda train] update 763500/1000000, loss=0.008156
[panda train] update 764000/1000000, loss=0.016092
[panda train] update 764500/1000000, loss=0.010427
[panda train] update 765000/1000000, loss=0.010083
[panda train] update 765500/1000000, loss=0.011591
[panda train] update 766000/1000000, loss=0.011477
[panda train] update 766500/1000000, loss=0.013719
[panda train] update 767000/1000000, loss=0.011076
[panda train] update 767500/1000000, loss=0.013382
[panda train] update 768000/1000000, loss=0.012664
[panda train] update 768500/1000000, loss=0.010152
[panda train] update 769000/1000000, loss=0.015954
[panda train] update 769500/1000000, loss=0.013058
[panda train] update 770000/1000000, loss=0.009231
[panda train] update 770500/1000000, loss=0.012922
[panda train] update 771000/1000000, loss=0.013897
[panda train] update 771500/1000000, loss=0.013055
[panda train] update 772000/1000000, loss=0.011740
[panda train] update 772500/1000000, loss=0.013412
[panda train] update 773000/1000000, loss=0.013966
[panda train] update 773500/1000000, loss=0.015250
[panda train] update 774000/1000000, loss=0.011558
[panda train] update 774500/1000000, loss=0.007726
[panda train] update 775000/1000000, loss=0.010100
[panda train] update 775500/1000000, loss=0.013457
[panda train] update 776000/1000000, loss=0.011551
[panda train] update 776500/1000000, loss=0.015261
[panda train] update 777000/1000000, loss=0.013389
[panda train] update 777500/1000000, loss=0.009608
[panda train] update 778000/1000000, loss=0.014931
[panda train] update 778500/1000000, loss=0.012743
[panda train] update 779000/1000000, loss=0.015567
[panda train] update 779500/1000000, loss=0.013517
[panda train] update 780000/1000000, loss=0.012531
[panda train] update 780500/1000000, loss=0.014144
[panda train] update 781000/1000000, loss=0.013851
[panda train] update 781500/1000000, loss=0.010909
[panda train] update 782000/1000000, loss=0.011770
[panda train] update 782500/1000000, loss=0.013758
[panda train] update 783000/1000000, loss=0.014047
[panda train] update 783500/1000000, loss=0.011443
[panda train] update 784000/1000000, loss=0.017698
[panda train] update 784500/1000000, loss=0.012858
[panda train] update 785000/1000000, loss=0.015390
[panda train] update 785500/1000000, loss=0.014107
[panda train] update 786000/1000000, loss=0.012113
[panda train] update 786500/1000000, loss=0.011656
[panda train] update 787000/1000000, loss=0.012350
[panda train] update 787500/1000000, loss=0.010621
[panda train] update 788000/1000000, loss=0.008030
[panda train] update 788500/1000000, loss=0.013635
[panda train] update 789000/1000000, loss=0.012212
[panda train] update 789500/1000000, loss=0.009700
[panda train] update 790000/1000000, loss=0.009649
[panda train] update 790500/1000000, loss=0.009654
[panda train] update 791000/1000000, loss=0.011397
[panda train] update 791500/1000000, loss=0.013526
[panda train] update 792000/1000000, loss=0.016603
[panda train] update 792500/1000000, loss=0.016065
[panda train] update 793000/1000000, loss=0.011504
[panda train] update 793500/1000000, loss=0.015026
[panda train] update 794000/1000000, loss=0.011616
[panda train] update 794500/1000000, loss=0.012249
[panda train] update 795000/1000000, loss=0.016022
[panda train] update 795500/1000000, loss=0.017410
[panda train] update 796000/1000000, loss=0.012537
[panda train] update 796500/1000000, loss=0.017315
[panda train] update 797000/1000000, loss=0.013225
[panda train] update 797500/1000000, loss=0.014463
[panda train] update 798000/1000000, loss=0.012735
[panda train] update 798500/1000000, loss=0.010070
[panda train] update 799000/1000000, loss=0.012574
[panda train] update 799500/1000000, loss=0.009119
[panda train] update 800000/1000000, loss=0.009063
[panda train] update 800500/1000000, loss=0.013461
[panda train] update 801000/1000000, loss=0.010928
[panda train] update 801500/1000000, loss=0.013213
[panda train] update 802000/1000000, loss=0.014388
[panda train] update 802500/1000000, loss=0.011854
[panda train] update 803000/1000000, loss=0.012523
[panda train] update 803500/1000000, loss=0.016689
[panda train] update 804000/1000000, loss=0.014567
[panda train] update 804500/1000000, loss=0.019557
[panda train] update 805000/1000000, loss=0.010761
[panda train] update 805500/1000000, loss=0.012329
[panda train] update 806000/1000000, loss=0.011039
[panda train] update 806500/1000000, loss=0.010671
[panda train] update 807000/1000000, loss=0.011336
[panda train] update 807500/1000000, loss=0.014654
[panda train] update 808000/1000000, loss=0.010433
[panda train] update 808500/1000000, loss=0.020143
[panda train] update 809000/1000000, loss=0.012343
[panda train] update 809500/1000000, loss=0.014588
[panda train] update 810000/1000000, loss=0.010531
[panda train] update 810500/1000000, loss=0.011712
[panda train] update 811000/1000000, loss=0.012828
[panda train] update 811500/1000000, loss=0.018478
[panda train] update 812000/1000000, loss=0.015283
[panda train] update 812500/1000000, loss=0.016310
[panda train] update 813000/1000000, loss=0.009683
[panda train] update 813500/1000000, loss=0.010239
[panda train] update 814000/1000000, loss=0.013724
[panda train] update 814500/1000000, loss=0.010531
[panda train] update 815000/1000000, loss=0.007844
[panda train] update 815500/1000000, loss=0.011292
[panda train] update 816000/1000000, loss=0.015137
[panda train] update 816500/1000000, loss=0.013246
[panda train] update 817000/1000000, loss=0.013312
[panda train] update 817500/1000000, loss=0.013152
[panda train] update 818000/1000000, loss=0.011002
[panda train] update 818500/1000000, loss=0.008814
[panda train] update 819000/1000000, loss=0.009931
[panda train] update 819500/1000000, loss=0.013081
[panda train] update 820000/1000000, loss=0.014419
[panda train] update 820500/1000000, loss=0.010639
[panda train] update 821000/1000000, loss=0.012664
[panda train] update 821500/1000000, loss=0.009661
[panda train] update 822000/1000000, loss=0.009144
[panda train] update 822500/1000000, loss=0.010016
[panda train] update 823000/1000000, loss=0.014073
[panda train] update 823500/1000000, loss=0.014468
[panda train] update 824000/1000000, loss=0.014938
[panda train] update 824500/1000000, loss=0.010159
[panda train] update 825000/1000000, loss=0.013374
[panda train] update 825500/1000000, loss=0.009902
[panda train] update 826000/1000000, loss=0.013763
[panda train] update 826500/1000000, loss=0.012765
[panda train] update 827000/1000000, loss=0.014930
[panda train] update 827500/1000000, loss=0.009652
[panda train] update 828000/1000000, loss=0.012528
[panda train] update 828500/1000000, loss=0.013149
[panda train] update 829000/1000000, loss=0.014140
[panda train] update 829500/1000000, loss=0.009658
[panda train] update 830000/1000000, loss=0.013924
[panda train] update 830500/1000000, loss=0.014659
[panda train] update 831000/1000000, loss=0.012209
[panda train] update 831500/1000000, loss=0.012485
[panda train] update 832000/1000000, loss=0.015529
[panda train] update 832500/1000000, loss=0.012533
[panda train] update 833000/1000000, loss=0.012227
[panda train] update 833500/1000000, loss=0.011631
[panda train] update 834000/1000000, loss=0.009442
[panda train] update 834500/1000000, loss=0.010711
[panda train] update 835000/1000000, loss=0.012288
[panda train] update 835500/1000000, loss=0.014238
[panda train] update 836000/1000000, loss=0.010134
[panda train] update 836500/1000000, loss=0.008265
[panda train] update 837000/1000000, loss=0.018751
[panda train] update 837500/1000000, loss=0.012452
[panda train] update 838000/1000000, loss=0.010469
[panda train] update 838500/1000000, loss=0.017131
[panda train] update 839000/1000000, loss=0.010492
[panda train] update 839500/1000000, loss=0.013440
[panda train] update 840000/1000000, loss=0.014386
[panda train] update 840500/1000000, loss=0.014260
[panda train] update 841000/1000000, loss=0.009693
[panda train] update 841500/1000000, loss=0.014160
[panda train] update 842000/1000000, loss=0.011933
[panda train] update 842500/1000000, loss=0.015215
[panda train] update 843000/1000000, loss=0.013536
[panda train] update 843500/1000000, loss=0.009977
[panda train] update 844000/1000000, loss=0.009355
[panda train] update 844500/1000000, loss=0.013841
[panda train] update 845000/1000000, loss=0.010240
[panda train] update 845500/1000000, loss=0.013879
[panda train] update 846000/1000000, loss=0.013090
[panda train] update 846500/1000000, loss=0.010465
[panda train] update 847000/1000000, loss=0.012150
[panda train] update 847500/1000000, loss=0.013093
[panda train] update 848000/1000000, loss=0.010396
[panda train] update 848500/1000000, loss=0.013220
[panda train] update 849000/1000000, loss=0.008688
[panda train] update 849500/1000000, loss=0.010957
[panda train] update 850000/1000000, loss=0.015128
[panda train] update 850500/1000000, loss=0.014634
[panda train] update 851000/1000000, loss=0.013635
[panda train] update 851500/1000000, loss=0.017705
[panda train] update 852000/1000000, loss=0.012245
[panda train] update 852500/1000000, loss=0.009947
[panda train] update 853000/1000000, loss=0.013075
[panda train] update 853500/1000000, loss=0.011528
[panda train] update 854000/1000000, loss=0.012259
[panda train] update 854500/1000000, loss=0.020215
[panda train] update 855000/1000000, loss=0.014794
[panda train] update 855500/1000000, loss=0.012528
[panda train] update 856000/1000000, loss=0.012524
[panda train] update 856500/1000000, loss=0.010536
[panda train] update 857000/1000000, loss=0.013495
[panda train] update 857500/1000000, loss=0.011278
[panda train] update 858000/1000000, loss=0.016866
[panda train] update 858500/1000000, loss=0.016034
[panda train] update 859000/1000000, loss=0.014812
[panda train] update 859500/1000000, loss=0.016653
[panda train] update 860000/1000000, loss=0.012489
[panda train] update 860500/1000000, loss=0.011710
[panda train] update 861000/1000000, loss=0.013113
[panda train] update 861500/1000000, loss=0.012678
[panda train] update 862000/1000000, loss=0.010297
[panda train] update 862500/1000000, loss=0.007980
[panda train] update 863000/1000000, loss=0.013306
[panda train] update 863500/1000000, loss=0.012795
[panda train] update 864000/1000000, loss=0.010048
[panda train] update 864500/1000000, loss=0.013270
[panda train] update 865000/1000000, loss=0.012657
[panda train] update 865500/1000000, loss=0.013335
[panda train] update 866000/1000000, loss=0.013396
[panda train] update 866500/1000000, loss=0.017038
[panda train] update 867000/1000000, loss=0.015998
[panda train] update 867500/1000000, loss=0.013864
[panda train] update 868000/1000000, loss=0.013016
[panda train] update 868500/1000000, loss=0.010625
[panda train] update 869000/1000000, loss=0.015363
[panda train] update 869500/1000000, loss=0.011346
[panda train] update 870000/1000000, loss=0.011745
[panda train] update 870500/1000000, loss=0.013468
[panda train] update 871000/1000000, loss=0.011337
[panda train] update 871500/1000000, loss=0.009952
[panda train] update 872000/1000000, loss=0.013704
[panda train] update 872500/1000000, loss=0.014192
[panda train] update 873000/1000000, loss=0.012147
[panda train] update 873500/1000000, loss=0.015176
[panda train] update 874000/1000000, loss=0.015527
[panda train] update 874500/1000000, loss=0.011335
[panda train] update 875000/1000000, loss=0.010742
[panda train] update 875500/1000000, loss=0.019276
[panda train] update 876000/1000000, loss=0.010644
[panda train] update 876500/1000000, loss=0.012600
[panda train] update 877000/1000000, loss=0.015486
[panda train] update 877500/1000000, loss=0.008403
[panda train] update 878000/1000000, loss=0.012923
[panda train] update 878500/1000000, loss=0.014381
[panda train] update 879000/1000000, loss=0.014042
[panda train] update 879500/1000000, loss=0.014062
[panda train] update 880000/1000000, loss=0.010234
[panda train] update 880500/1000000, loss=0.010534
[panda train] update 881000/1000000, loss=0.008409
[panda train] update 881500/1000000, loss=0.017844
[panda train] update 882000/1000000, loss=0.010443
[panda train] update 882500/1000000, loss=0.013654
[panda train] update 883000/1000000, loss=0.013727
[panda train] update 883500/1000000, loss=0.011460
[panda train] update 884000/1000000, loss=0.011897
[panda train] update 884500/1000000, loss=0.015119
[panda train] update 885000/1000000, loss=0.011940
[panda train] update 885500/1000000, loss=0.012633
[panda train] update 886000/1000000, loss=0.012239
[panda train] update 886500/1000000, loss=0.016824
[panda train] update 887000/1000000, loss=0.013339
[panda train] update 887500/1000000, loss=0.014907
[panda train] update 888000/1000000, loss=0.015944
[panda train] update 888500/1000000, loss=0.014250
[panda train] update 889000/1000000, loss=0.020434
[panda train] update 889500/1000000, loss=0.012185
[panda train] update 890000/1000000, loss=0.011406
[panda train] update 890500/1000000, loss=0.007831
[panda train] update 891000/1000000, loss=0.012124
[panda train] update 891500/1000000, loss=0.017665
[panda train] update 892000/1000000, loss=0.013113
[panda train] update 892500/1000000, loss=0.009376
[panda train] update 893000/1000000, loss=0.014383
[panda train] update 893500/1000000, loss=0.008365
[panda train] update 894000/1000000, loss=0.014275
[panda train] update 894500/1000000, loss=0.009874
[panda train] update 895000/1000000, loss=0.011533
[panda train] update 895500/1000000, loss=0.008791
[panda train] update 896000/1000000, loss=0.013360
[panda train] update 896500/1000000, loss=0.011039
[panda train] update 897000/1000000, loss=0.009981
[panda train] update 897500/1000000, loss=0.013146
[panda train] update 898000/1000000, loss=0.009454
[panda train] update 898500/1000000, loss=0.016205
[panda train] update 899000/1000000, loss=0.010551
[panda train] update 899500/1000000, loss=0.014081
[panda train] update 900000/1000000, loss=0.009889
[panda train] update 900500/1000000, loss=0.015444
[panda train] update 901000/1000000, loss=0.009820
[panda train] update 901500/1000000, loss=0.015759
[panda train] update 902000/1000000, loss=0.011249
[panda train] update 902500/1000000, loss=0.008618
[panda train] update 903000/1000000, loss=0.011854
[panda train] update 903500/1000000, loss=0.016040
[panda train] update 904000/1000000, loss=0.014072
[panda train] update 904500/1000000, loss=0.015974
[panda train] update 905000/1000000, loss=0.016054
[panda train] update 905500/1000000, loss=0.012978
[panda train] update 906000/1000000, loss=0.016830
[panda train] update 906500/1000000, loss=0.011930
[panda train] update 907000/1000000, loss=0.010477
[panda train] update 907500/1000000, loss=0.013018
[panda train] update 908000/1000000, loss=0.012863
[panda train] update 908500/1000000, loss=0.013183
[panda train] update 909000/1000000, loss=0.012819
[panda train] update 909500/1000000, loss=0.011486
[panda train] update 910000/1000000, loss=0.010128
[panda train] update 910500/1000000, loss=0.012999
[panda train] update 911000/1000000, loss=0.013664
[panda train] update 911500/1000000, loss=0.012811
[panda train] update 912000/1000000, loss=0.012773
[panda train] update 912500/1000000, loss=0.013739
[panda train] update 913000/1000000, loss=0.011632
[panda train] update 913500/1000000, loss=0.010886
[panda train] update 914000/1000000, loss=0.010910
[panda train] update 914500/1000000, loss=0.014625
[panda train] update 915000/1000000, loss=0.010097
[panda train] update 915500/1000000, loss=0.012211
[panda train] update 916000/1000000, loss=0.009181
[panda train] update 916500/1000000, loss=0.012765
[panda train] update 917000/1000000, loss=0.012069
[panda train] update 917500/1000000, loss=0.013467
[panda train] update 918000/1000000, loss=0.011316
[panda train] update 918500/1000000, loss=0.012784
[panda train] update 919000/1000000, loss=0.013660
[panda train] update 919500/1000000, loss=0.011603
[panda train] update 920000/1000000, loss=0.010875
[panda train] update 920500/1000000, loss=0.009738
[panda train] update 921000/1000000, loss=0.016337
[panda train] update 921500/1000000, loss=0.011835
[panda train] update 922000/1000000, loss=0.014229
[panda train] update 922500/1000000, loss=0.015795
[panda train] update 923000/1000000, loss=0.009825
[panda train] update 923500/1000000, loss=0.014193
[panda train] update 924000/1000000, loss=0.014726
[panda train] update 924500/1000000, loss=0.017075
[panda train] update 925000/1000000, loss=0.010845
[panda train] update 925500/1000000, loss=0.014659
[panda train] update 926000/1000000, loss=0.012366
[panda train] update 926500/1000000, loss=0.012888
[panda train] update 927000/1000000, loss=0.009237
[panda train] update 927500/1000000, loss=0.011761
[panda train] update 928000/1000000, loss=0.010819
[panda train] update 928500/1000000, loss=0.009729
[panda train] update 929000/1000000, loss=0.012547
[panda train] update 929500/1000000, loss=0.011192
[panda train] update 930000/1000000, loss=0.010093
[panda train] update 930500/1000000, loss=0.011015
[panda train] update 931000/1000000, loss=0.015850
[panda train] update 931500/1000000, loss=0.012145
[panda train] update 932000/1000000, loss=0.016111
[panda train] update 932500/1000000, loss=0.009310
[panda train] update 933000/1000000, loss=0.012289
[panda train] update 933500/1000000, loss=0.012551
[panda train] update 934000/1000000, loss=0.009985
[panda train] update 934500/1000000, loss=0.009323
[panda train] update 935000/1000000, loss=0.012165
[panda train] update 935500/1000000, loss=0.013936
[panda train] update 936000/1000000, loss=0.012442
[panda train] update 936500/1000000, loss=0.013095
[panda train] update 937000/1000000, loss=0.011866
[panda train] update 937500/1000000, loss=0.011677
[panda train] update 938000/1000000, loss=0.013216
[panda train] update 938500/1000000, loss=0.009029
[panda train] update 939000/1000000, loss=0.012227
[panda train] update 939500/1000000, loss=0.015525
[panda train] update 940000/1000000, loss=0.011779
[panda train] update 940500/1000000, loss=0.016216
[panda train] update 941000/1000000, loss=0.011503
[panda train] update 941500/1000000, loss=0.016019
[panda train] update 942000/1000000, loss=0.008316
[panda train] update 942500/1000000, loss=0.010167
[panda train] update 943000/1000000, loss=0.018322
[panda train] update 943500/1000000, loss=0.011569
[panda train] update 944000/1000000, loss=0.013742
[panda train] update 944500/1000000, loss=0.006535
[panda train] update 945000/1000000, loss=0.015742
[panda train] update 945500/1000000, loss=0.012129
[panda train] update 946000/1000000, loss=0.016216
[panda train] update 946500/1000000, loss=0.013705
[panda train] update 947000/1000000, loss=0.012403
[panda train] update 947500/1000000, loss=0.013273
[panda train] update 948000/1000000, loss=0.012330
[panda train] update 948500/1000000, loss=0.014058
[panda train] update 949000/1000000, loss=0.013270
[panda train] update 949500/1000000, loss=0.012768
[panda train] update 950000/1000000, loss=0.012385
[panda train] update 950500/1000000, loss=0.010149
[panda train] update 951000/1000000, loss=0.011947
[panda train] update 951500/1000000, loss=0.013143
[panda train] update 952000/1000000, loss=0.015620
[panda train] update 952500/1000000, loss=0.016975
[panda train] update 953000/1000000, loss=0.012483
[panda train] update 953500/1000000, loss=0.016219
[panda train] update 954000/1000000, loss=0.009967
[panda train] update 954500/1000000, loss=0.011936
[panda train] update 955000/1000000, loss=0.009971
[panda train] update 955500/1000000, loss=0.016324
[panda train] update 956000/1000000, loss=0.013200
[panda train] update 956500/1000000, loss=0.010413
[panda train] update 957000/1000000, loss=0.013267
[panda train] update 957500/1000000, loss=0.011387
[panda train] update 958000/1000000, loss=0.012773
[panda train] update 958500/1000000, loss=0.011839
[panda train] update 959000/1000000, loss=0.008076
[panda train] update 959500/1000000, loss=0.008925
[panda train] update 960000/1000000, loss=0.010478
[panda train] update 960500/1000000, loss=0.010022
[panda train] update 961000/1000000, loss=0.014704
[panda train] update 961500/1000000, loss=0.012695
[panda train] update 962000/1000000, loss=0.014455
[panda train] update 962500/1000000, loss=0.010315
[panda train] update 963000/1000000, loss=0.016090
[panda train] update 963500/1000000, loss=0.007809
[panda train] update 964000/1000000, loss=0.015582
[panda train] update 964500/1000000, loss=0.014569
[panda train] update 965000/1000000, loss=0.010653
[panda train] update 965500/1000000, loss=0.011188
[panda train] update 966000/1000000, loss=0.009398
[panda train] update 966500/1000000, loss=0.009430
[panda train] update 967000/1000000, loss=0.012025
[panda train] update 967500/1000000, loss=0.015237
[panda train] update 968000/1000000, loss=0.013963
[panda train] update 968500/1000000, loss=0.016972
[panda train] update 969000/1000000, loss=0.015741
[panda train] update 969500/1000000, loss=0.013931
[panda train] update 970000/1000000, loss=0.010788
[panda train] update 970500/1000000, loss=0.011453
[panda train] update 971000/1000000, loss=0.008583
[panda train] update 971500/1000000, loss=0.013032
[panda train] update 972000/1000000, loss=0.013346
[panda train] update 972500/1000000, loss=0.011333
[panda train] update 973000/1000000, loss=0.013566
[panda train] update 973500/1000000, loss=0.014522
[panda train] update 974000/1000000, loss=0.011490
[panda train] update 974500/1000000, loss=0.014862
[panda train] update 975000/1000000, loss=0.011571
[panda train] update 975500/1000000, loss=0.019017
[panda train] update 976000/1000000, loss=0.014074
[panda train] update 976500/1000000, loss=0.014659
[panda train] update 977000/1000000, loss=0.010606
[panda train] update 977500/1000000, loss=0.017764
[panda train] update 978000/1000000, loss=0.010505
[panda train] update 978500/1000000, loss=0.010861
[panda train] update 979000/1000000, loss=0.011270
[panda train] update 979500/1000000, loss=0.011075
[panda train] update 980000/1000000, loss=0.014591
[panda train] update 980500/1000000, loss=0.010568
[panda train] update 981000/1000000, loss=0.013689
[panda train] update 981500/1000000, loss=0.011133
[panda train] update 982000/1000000, loss=0.015157
[panda train] update 982500/1000000, loss=0.015249
[panda train] update 983000/1000000, loss=0.009175
[panda train] update 983500/1000000, loss=0.016190
[panda train] update 984000/1000000, loss=0.009337
[panda train] update 984500/1000000, loss=0.014875
[panda train] update 985000/1000000, loss=0.013837
[panda train] update 985500/1000000, loss=0.014771
[panda train] update 986000/1000000, loss=0.013718
[panda train] update 986500/1000000, loss=0.013900
[panda train] update 987000/1000000, loss=0.015203
[panda train] update 987500/1000000, loss=0.011776
[panda train] update 988000/1000000, loss=0.016361
[panda train] update 988500/1000000, loss=0.012121
[panda train] update 989000/1000000, loss=0.013394
[panda train] update 989500/1000000, loss=0.016680
[panda train] update 990000/1000000, loss=0.009965
[panda train] update 990500/1000000, loss=0.012986
[panda train] update 991000/1000000, loss=0.013257
[panda train] update 991500/1000000, loss=0.019379
[panda train] update 992000/1000000, loss=0.014193
[panda train] update 992500/1000000, loss=0.013131
[panda train] update 993000/1000000, loss=0.014289
[panda train] update 993500/1000000, loss=0.010424
[panda train] update 994000/1000000, loss=0.010249
[panda train] update 994500/1000000, loss=0.010680
[panda train] update 995000/1000000, loss=0.009465
[panda train] update 995500/1000000, loss=0.011763
[panda train] update 996000/1000000, loss=0.010674
[panda train] update 996500/1000000, loss=0.012841
[panda train] update 997000/1000000, loss=0.010714
[panda train] update 997500/1000000, loss=0.010952
[panda train] update 998000/1000000, loss=0.018096
[panda train] update 998500/1000000, loss=0.018134
[panda train] update 999000/1000000, loss=0.014887
[panda train] update 999500/1000000, loss=0.008930
[panda train] update 1000000/1000000, loss=0.010649
[eval] target=-0.001 -> score=-1.027 (task_seed=0)
[eval] target=-0.432 -> score=-1.041 (task_seed=0)
[eval] target=-0.712 -> score=-1.027 (task_seed=0)
[eval] target=-1.298 -> score=-1.042 (task_seed=0)
[eval] target=0.000 -> score=-1.024 (task_seed=0)
[eval] best sweep target=0.000 -> score=-1.024
[eval] Single-task Panda DT on PandaPickAndPlace: -1.024 (task_seed=0)

==============================
[Panda Single-task 2/3] PandaPush
==============================
[task-seed] PandaPush: task_seed=10000 (global_seed=0)
[task] env=PandaPushDense-v3 dataset=/net/scratch/hscra/plgrid/plgdomin088/datasets/panda_expert/panda_push_dense_1m_expert.pkl
[dataset] obs_keys=['observation', 'achieved_goal', 'desired_goal']
[env] use_time_feature=True
[dataset] using seq_len=20
[dataset] n_trajs=141668 total_transitions=1000000 traj_len mean=7.06 min=1 max=50 p50=7 p90=10
[dataset] obs_dim=25, act_dim=3
[dataset] return mean=-0.937 min=-33.158 max=-0.001
[dataset] computed obs_mean/std (std min=0.000001, max=1.404772)
[dataset] rtg_scale=1000.000000
[eval] selected target_return=-0.000605 (max)
[dataset] using max_ep_len=50
[train] optimizer_updates=1000000 approx_updates_per_epoch=7813 approx_epochs=127.99
[model] d_model=128 n_layers=3 n_heads=1 seq_len=20 max_ep_len=50 rtg_scale=1000.0
DTBackbone config: DTConfig(n_layer=3, n_head=1, n_embd=128, dropout=0.1, bias=False, K=20, max_ep_len=50, state_dim=128, act_discrete=False, act_vocab_size=1, act_dim=3, act_tanh=False, tanh_embeddings=False)
DTBackbone parameters: 0.61M
[panda train] update 1/1000000, loss=0.706604
[panda train] update 500/1000000, loss=0.108929
[panda train] update 1000/1000000, loss=0.086002
[panda train] update 1500/1000000, loss=0.067108
[panda train] update 2000/1000000, loss=0.056664
[panda train] update 2500/1000000, loss=0.066577
[panda train] update 3000/1000000, loss=0.056824
[panda train] update 3500/1000000, loss=0.045132
[panda train] update 4000/1000000, loss=0.078060
[panda train] update 4500/1000000, loss=0.046576
[panda train] update 5000/1000000, loss=0.053185
[panda train] update 5500/1000000, loss=0.052515
[panda train] update 6000/1000000, loss=0.038732
[panda train] update 6500/1000000, loss=0.046875
[panda train] update 7000/1000000, loss=0.059325
[panda train] update 7500/1000000, loss=0.044386
[panda train] update 8000/1000000, loss=0.054767
[panda train] update 8500/1000000, loss=0.033001
[panda train] update 9000/1000000, loss=0.034213
[panda train] update 9500/1000000, loss=0.041285
[panda train] update 10000/1000000, loss=0.053391
[panda train] update 10500/1000000, loss=0.047441
[panda train] update 11000/1000000, loss=0.045803
[panda train] update 11500/1000000, loss=0.045668
[panda train] update 12000/1000000, loss=0.036453
[panda train] update 12500/1000000, loss=0.032441
[panda train] update 13000/1000000, loss=0.043638
[panda train] update 13500/1000000, loss=0.026055
[panda train] update 14000/1000000, loss=0.025948
[panda train] update 14500/1000000, loss=0.032477
[panda train] update 15000/1000000, loss=0.026776
[panda train] update 15500/1000000, loss=0.033130
[panda train] update 16000/1000000, loss=0.038154
[panda train] update 16500/1000000, loss=0.047481
[panda train] update 17000/1000000, loss=0.027452
[panda train] update 17500/1000000, loss=0.040602
[panda train] update 18000/1000000, loss=0.045698
[panda train] update 18500/1000000, loss=0.028542
[panda train] update 19000/1000000, loss=0.033811
[panda train] update 19500/1000000, loss=0.037245
[panda train] update 20000/1000000, loss=0.021700
[panda train] update 20500/1000000, loss=0.031340
[panda train] update 21000/1000000, loss=0.023775
[panda train] update 21500/1000000, loss=0.025095
[panda train] update 22000/1000000, loss=0.032181
[panda train] update 22500/1000000, loss=0.026544
[panda train] update 23000/1000000, loss=0.035361
[panda train] update 23500/1000000, loss=0.047659
[panda train] update 24000/1000000, loss=0.021371
[panda train] update 24500/1000000, loss=0.035448
[panda train] update 25000/1000000, loss=0.028400
[panda train] update 25500/1000000, loss=0.017564
[panda train] update 26000/1000000, loss=0.016627
[panda train] update 26500/1000000, loss=0.026191
[panda train] update 27000/1000000, loss=0.027821
[panda train] update 27500/1000000, loss=0.021987
[panda train] update 28000/1000000, loss=0.028194
[panda train] update 28500/1000000, loss=0.032181
[panda train] update 29000/1000000, loss=0.029323
[panda train] update 29500/1000000, loss=0.045871
[panda train] update 30000/1000000, loss=0.031823
[panda train] update 30500/1000000, loss=0.035355
[panda train] update 31000/1000000, loss=0.042743
[panda train] update 31500/1000000, loss=0.022617
[panda train] update 32000/1000000, loss=0.036212
[panda train] update 32500/1000000, loss=0.038049
[panda train] update 33000/1000000, loss=0.030802
[panda train] update 33500/1000000, loss=0.031306
[panda train] update 34000/1000000, loss=0.014297
[panda train] update 34500/1000000, loss=0.035207
[panda train] update 35000/1000000, loss=0.024357
[panda train] update 35500/1000000, loss=0.036311
[panda train] update 36000/1000000, loss=0.023809
[panda train] update 36500/1000000, loss=0.019305
[panda train] update 37000/1000000, loss=0.024056
[panda train] update 37500/1000000, loss=0.035669
[panda train] update 38000/1000000, loss=0.012645
[panda train] update 38500/1000000, loss=0.018207
[panda train] update 39000/1000000, loss=0.018508
[panda train] update 39500/1000000, loss=0.023278
[panda train] update 40000/1000000, loss=0.025462
[panda train] update 40500/1000000, loss=0.032152
[panda train] update 41000/1000000, loss=0.021290
[panda train] update 41500/1000000, loss=0.020776
[panda train] update 42000/1000000, loss=0.033821
[panda train] update 42500/1000000, loss=0.018528
[panda train] update 43000/1000000, loss=0.024109
[panda train] update 43500/1000000, loss=0.016848
[panda train] update 44000/1000000, loss=0.016746
[panda train] update 44500/1000000, loss=0.019107
[panda train] update 45000/1000000, loss=0.020172
[panda train] update 45500/1000000, loss=0.024447
[panda train] update 46000/1000000, loss=0.026775
[panda train] update 46500/1000000, loss=0.025594
[panda train] update 47000/1000000, loss=0.024873
[panda train] update 47500/1000000, loss=0.030310
[panda train] update 48000/1000000, loss=0.029731
[panda train] update 48500/1000000, loss=0.028796
[panda train] update 49000/1000000, loss=0.024337
[panda train] update 49500/1000000, loss=0.022797
[panda train] update 50000/1000000, loss=0.023379
[panda train] update 50500/1000000, loss=0.028894
[panda train] update 51000/1000000, loss=0.020701
[panda train] update 51500/1000000, loss=0.019238
[panda train] update 52000/1000000, loss=0.014536
[panda train] update 52500/1000000, loss=0.024725
[panda train] update 53000/1000000, loss=0.012223
[panda train] update 53500/1000000, loss=0.020309
[panda train] update 54000/1000000, loss=0.028824
[panda train] update 54500/1000000, loss=0.010346
[panda train] update 55000/1000000, loss=0.022833
[panda train] update 55500/1000000, loss=0.022260
[panda train] update 56000/1000000, loss=0.014325
[panda train] update 56500/1000000, loss=0.018142
[panda train] update 57000/1000000, loss=0.020230
[panda train] update 57500/1000000, loss=0.023504
[panda train] update 58000/1000000, loss=0.016249
[panda train] update 58500/1000000, loss=0.028669
[panda train] update 59000/1000000, loss=0.019311
[panda train] update 59500/1000000, loss=0.028861
[panda train] update 60000/1000000, loss=0.022718
[panda train] update 60500/1000000, loss=0.022222
[panda train] update 61000/1000000, loss=0.022969
[panda train] update 61500/1000000, loss=0.012959
[panda train] update 62000/1000000, loss=0.022741
[panda train] update 62500/1000000, loss=0.014488
[panda train] update 63000/1000000, loss=0.019900
[panda train] update 63500/1000000, loss=0.021781
[panda train] update 64000/1000000, loss=0.018809
[panda train] update 64500/1000000, loss=0.023780
[panda train] update 65000/1000000, loss=0.025283
[panda train] update 65500/1000000, loss=0.029027
[panda train] update 66000/1000000, loss=0.013168
[panda train] update 66500/1000000, loss=0.023060
[panda train] update 67000/1000000, loss=0.018649
[panda train] update 67500/1000000, loss=0.022271
[panda train] update 68000/1000000, loss=0.022753
[panda train] update 68500/1000000, loss=0.021103
[panda train] update 69000/1000000, loss=0.020878
[panda train] update 69500/1000000, loss=0.018898
[panda train] update 70000/1000000, loss=0.017859
[panda train] update 70500/1000000, loss=0.022241
[panda train] update 71000/1000000, loss=0.024141
[panda train] update 71500/1000000, loss=0.021811
[panda train] update 72000/1000000, loss=0.023552
[panda train] update 72500/1000000, loss=0.023661
[panda train] update 73000/1000000, loss=0.012346
[panda train] update 73500/1000000, loss=0.023595
[panda train] update 74000/1000000, loss=0.017211
[panda train] update 74500/1000000, loss=0.019977
[panda train] update 75000/1000000, loss=0.019612
[panda train] update 75500/1000000, loss=0.020228
[panda train] update 76000/1000000, loss=0.020174
[panda train] update 76500/1000000, loss=0.017212
[panda train] update 77000/1000000, loss=0.022169
[panda train] update 77500/1000000, loss=0.019025
[panda train] update 78000/1000000, loss=0.019517
[panda train] update 78500/1000000, loss=0.017501
[panda train] update 79000/1000000, loss=0.016652
[panda train] update 79500/1000000, loss=0.022144
[panda train] update 80000/1000000, loss=0.017413
[panda train] update 80500/1000000, loss=0.015225
[panda train] update 81000/1000000, loss=0.014272
[panda train] update 81500/1000000, loss=0.017652
[panda train] update 82000/1000000, loss=0.019307
[panda train] update 82500/1000000, loss=0.020985
[panda train] update 83000/1000000, loss=0.021745
[panda train] update 83500/1000000, loss=0.018902
[panda train] update 84000/1000000, loss=0.022889
[panda train] update 84500/1000000, loss=0.021576
[panda train] update 85000/1000000, loss=0.015465
[panda train] update 85500/1000000, loss=0.022021
[panda train] update 86000/1000000, loss=0.013980
[panda train] update 86500/1000000, loss=0.016604
[panda train] update 87000/1000000, loss=0.014063
[panda train] update 87500/1000000, loss=0.017435
[panda train] update 88000/1000000, loss=0.015947
[panda train] update 88500/1000000, loss=0.017815
[panda train] update 89000/1000000, loss=0.017776
[panda train] update 89500/1000000, loss=0.019603
[panda train] update 90000/1000000, loss=0.017350
[panda train] update 90500/1000000, loss=0.014602
[panda train] update 91000/1000000, loss=0.013580
[panda train] update 91500/1000000, loss=0.020014
[panda train] update 92000/1000000, loss=0.015924
[panda train] update 92500/1000000, loss=0.011795
[panda train] update 93000/1000000, loss=0.018586
[panda train] update 93500/1000000, loss=0.017935
[panda train] update 94000/1000000, loss=0.018634
[panda train] update 94500/1000000, loss=0.019529
[panda train] update 95000/1000000, loss=0.016462
[panda train] update 95500/1000000, loss=0.014906
[panda train] update 96000/1000000, loss=0.023542
[panda train] update 96500/1000000, loss=0.025367
[panda train] update 97000/1000000, loss=0.015297
[panda train] update 97500/1000000, loss=0.021441
[panda train] update 98000/1000000, loss=0.018495
[panda train] update 98500/1000000, loss=0.019848
[panda train] update 99000/1000000, loss=0.015238
[panda train] update 99500/1000000, loss=0.017395
[panda train] update 100000/1000000, loss=0.015867
[panda train] update 100500/1000000, loss=0.011233
[panda train] update 101000/1000000, loss=0.017282
[panda train] update 101500/1000000, loss=0.015495
[panda train] update 102000/1000000, loss=0.011001
[panda train] update 102500/1000000, loss=0.010493
[panda train] update 103000/1000000, loss=0.016953
[panda train] update 103500/1000000, loss=0.016751
[panda train] update 104000/1000000, loss=0.013554
[panda train] update 104500/1000000, loss=0.011643
[panda train] update 105000/1000000, loss=0.014970
[panda train] update 105500/1000000, loss=0.016731
[panda train] update 106000/1000000, loss=0.019211
[panda train] update 106500/1000000, loss=0.010089
[panda train] update 107000/1000000, loss=0.018433
[panda train] update 107500/1000000, loss=0.018322
[panda train] update 108000/1000000, loss=0.023687
[panda train] update 108500/1000000, loss=0.011804
[panda train] update 109000/1000000, loss=0.019721
[panda train] update 109500/1000000, loss=0.016870
[panda train] update 110000/1000000, loss=0.017088
[panda train] update 110500/1000000, loss=0.015226
[panda train] update 111000/1000000, loss=0.015333
[panda train] update 111500/1000000, loss=0.016049
[panda train] update 112000/1000000, loss=0.020584
[panda train] update 112500/1000000, loss=0.013041
[panda train] update 113000/1000000, loss=0.017137
[panda train] update 113500/1000000, loss=0.017504
[panda train] update 114000/1000000, loss=0.022465
[panda train] update 114500/1000000, loss=0.014161
[panda train] update 115000/1000000, loss=0.014783
[panda train] update 115500/1000000, loss=0.016116
[panda train] update 116000/1000000, loss=0.017801
[panda train] update 116500/1000000, loss=0.013454
[panda train] update 117000/1000000, loss=0.015782
[panda train] update 117500/1000000, loss=0.022999
[panda train] update 118000/1000000, loss=0.018526
[panda train] update 118500/1000000, loss=0.017602
[panda train] update 119000/1000000, loss=0.013553
[panda train] update 119500/1000000, loss=0.012781
[panda train] update 120000/1000000, loss=0.022676
[panda train] update 120500/1000000, loss=0.017497
[panda train] update 121000/1000000, loss=0.012857
[panda train] update 121500/1000000, loss=0.017360
[panda train] update 122000/1000000, loss=0.014323
[panda train] update 122500/1000000, loss=0.013044
[panda train] update 123000/1000000, loss=0.017200
[panda train] update 123500/1000000, loss=0.014904
[panda train] update 124000/1000000, loss=0.014791
[panda train] update 124500/1000000, loss=0.012488
[panda train] update 125000/1000000, loss=0.014832
[panda train] update 125500/1000000, loss=0.019018
[panda train] update 126000/1000000, loss=0.013177
[panda train] update 126500/1000000, loss=0.008075
[panda train] update 127000/1000000, loss=0.024002
[panda train] update 127500/1000000, loss=0.016344
[panda train] update 128000/1000000, loss=0.014826
[panda train] update 128500/1000000, loss=0.014832
[panda train] update 129000/1000000, loss=0.013151
[panda train] update 129500/1000000, loss=0.019983
[panda train] update 130000/1000000, loss=0.024955
[panda train] update 130500/1000000, loss=0.019564
[panda train] update 131000/1000000, loss=0.014462
[panda train] update 131500/1000000, loss=0.013815
[panda train] update 132000/1000000, loss=0.016927
[panda train] update 132500/1000000, loss=0.016558
[panda train] update 133000/1000000, loss=0.017070
[panda train] update 133500/1000000, loss=0.011251
[panda train] update 134000/1000000, loss=0.016436
[panda train] update 134500/1000000, loss=0.013424
[panda train] update 135000/1000000, loss=0.017520
[panda train] update 135500/1000000, loss=0.012663
[panda train] update 136000/1000000, loss=0.013619
[panda train] update 136500/1000000, loss=0.019700
[panda train] update 137000/1000000, loss=0.013989
[panda train] update 137500/1000000, loss=0.028127
[panda train] update 138000/1000000, loss=0.017708
[panda train] update 138500/1000000, loss=0.011757
[panda train] update 139000/1000000, loss=0.018443
[panda train] update 139500/1000000, loss=0.014293
[panda train] update 140000/1000000, loss=0.015939
[panda train] update 140500/1000000, loss=0.016357
[panda train] update 141000/1000000, loss=0.011389
[panda train] update 141500/1000000, loss=0.014692
[panda train] update 142000/1000000, loss=0.018229
[panda train] update 142500/1000000, loss=0.016933
[panda train] update 143000/1000000, loss=0.020996
[panda train] update 143500/1000000, loss=0.011810
[panda train] update 144000/1000000, loss=0.009939
[panda train] update 144500/1000000, loss=0.016226
[panda train] update 145000/1000000, loss=0.016150
[panda train] update 145500/1000000, loss=0.012016
[panda train] update 146000/1000000, loss=0.012940
[panda train] update 146500/1000000, loss=0.014794
[panda train] update 147000/1000000, loss=0.011906
[panda train] update 147500/1000000, loss=0.010376
[panda train] update 148000/1000000, loss=0.014473
[panda train] update 148500/1000000, loss=0.013693
[panda train] update 149000/1000000, loss=0.015822
[panda train] update 149500/1000000, loss=0.020535
[panda train] update 150000/1000000, loss=0.018830
[panda train] update 150500/1000000, loss=0.014728
[panda train] update 151000/1000000, loss=0.016409
[panda train] update 151500/1000000, loss=0.016690
[panda train] update 152000/1000000, loss=0.013476
[panda train] update 152500/1000000, loss=0.010372
[panda train] update 153000/1000000, loss=0.014987
[panda train] update 153500/1000000, loss=0.020140
[panda train] update 154000/1000000, loss=0.013954
[panda train] update 154500/1000000, loss=0.020737
[panda train] update 155000/1000000, loss=0.012498
[panda train] update 155500/1000000, loss=0.012896
[panda train] update 156000/1000000, loss=0.015194
[panda train] update 156500/1000000, loss=0.014256
[panda train] update 157000/1000000, loss=0.016458
[panda train] update 157500/1000000, loss=0.017529
[panda train] update 158000/1000000, loss=0.012280
[panda train] update 158500/1000000, loss=0.016565
[panda train] update 159000/1000000, loss=0.016484
[panda train] update 159500/1000000, loss=0.017348
[panda train] update 160000/1000000, loss=0.014452
[panda train] update 160500/1000000, loss=0.016574
[panda train] update 161000/1000000, loss=0.013275
[panda train] update 161500/1000000, loss=0.013073
[panda train] update 162000/1000000, loss=0.017023
[panda train] update 162500/1000000, loss=0.015430
[panda train] update 163000/1000000, loss=0.017434
[panda train] update 163500/1000000, loss=0.013679
[panda train] update 164000/1000000, loss=0.013693
[panda train] update 164500/1000000, loss=0.009175
[panda train] update 165000/1000000, loss=0.015753
[panda train] update 165500/1000000, loss=0.017454
[panda train] update 166000/1000000, loss=0.013340
[panda train] update 166500/1000000, loss=0.010007
[panda train] update 167000/1000000, loss=0.014835
[panda train] update 167500/1000000, loss=0.013534
[panda train] update 168000/1000000, loss=0.011200
[panda train] update 168500/1000000, loss=0.012478
[panda train] update 169000/1000000, loss=0.018382
[panda train] update 169500/1000000, loss=0.016595
[panda train] update 170000/1000000, loss=0.016573
[panda train] update 170500/1000000, loss=0.010877
[panda train] update 171000/1000000, loss=0.012127
[panda train] update 171500/1000000, loss=0.016518
[panda train] update 172000/1000000, loss=0.012395
[panda train] update 172500/1000000, loss=0.015109
[panda train] update 173000/1000000, loss=0.017886
[panda train] update 173500/1000000, loss=0.015496
[panda train] update 174000/1000000, loss=0.015398
[panda train] update 174500/1000000, loss=0.014604
[panda train] update 175000/1000000, loss=0.010356
[panda train] update 175500/1000000, loss=0.015909
[panda train] update 176000/1000000, loss=0.014103
[panda train] update 176500/1000000, loss=0.015118
[panda train] update 177000/1000000, loss=0.011373
[panda train] update 177500/1000000, loss=0.015064
[panda train] update 178000/1000000, loss=0.014701
[panda train] update 178500/1000000, loss=0.013746
[panda train] update 179000/1000000, loss=0.011802
[panda train] update 179500/1000000, loss=0.014397
[panda train] update 180000/1000000, loss=0.017195
[panda train] update 180500/1000000, loss=0.013265
[panda train] update 181000/1000000, loss=0.008944
[panda train] update 181500/1000000, loss=0.010725
[panda train] update 182000/1000000, loss=0.015992
[panda train] update 182500/1000000, loss=0.011335
[panda train] update 183000/1000000, loss=0.016237
[panda train] update 183500/1000000, loss=0.011149
[panda train] update 184000/1000000, loss=0.012350
[panda train] update 184500/1000000, loss=0.011762
[panda train] update 185000/1000000, loss=0.016137
[panda train] update 185500/1000000, loss=0.014286
[panda train] update 186000/1000000, loss=0.011643
[panda train] update 186500/1000000, loss=0.009742
[panda train] update 187000/1000000, loss=0.013751
[panda train] update 187500/1000000, loss=0.017117
[panda train] update 188000/1000000, loss=0.010870
[panda train] update 188500/1000000, loss=0.013420
[panda train] update 189000/1000000, loss=0.014784
[panda train] update 189500/1000000, loss=0.015964
[panda train] update 190000/1000000, loss=0.012318
[panda train] update 190500/1000000, loss=0.014131
[panda train] update 191000/1000000, loss=0.012223
[panda train] update 191500/1000000, loss=0.013341
[panda train] update 192000/1000000, loss=0.017052
[panda train] update 192500/1000000, loss=0.010686
[panda train] update 193000/1000000, loss=0.010653
[panda train] update 193500/1000000, loss=0.013355
[panda train] update 194000/1000000, loss=0.017496
[panda train] update 194500/1000000, loss=0.014576
[panda train] update 195000/1000000, loss=0.011951
[panda train] update 195500/1000000, loss=0.009598
[panda train] update 196000/1000000, loss=0.014023
[panda train] update 196500/1000000, loss=0.010812
[panda train] update 197000/1000000, loss=0.008989
[panda train] update 197500/1000000, loss=0.012608
[panda train] update 198000/1000000, loss=0.008214
[panda train] update 198500/1000000, loss=0.012554
[panda train] update 199000/1000000, loss=0.011172
[panda train] update 199500/1000000, loss=0.018609
[panda train] update 200000/1000000, loss=0.013462
[panda train] update 200500/1000000, loss=0.011413
[panda train] update 201000/1000000, loss=0.011941
[panda train] update 201500/1000000, loss=0.018057
[panda train] update 202000/1000000, loss=0.012321
[panda train] update 202500/1000000, loss=0.016783
[panda train] update 203000/1000000, loss=0.015567
[panda train] update 203500/1000000, loss=0.015192
[panda train] update 204000/1000000, loss=0.014448
[panda train] update 204500/1000000, loss=0.016664
[panda train] update 205000/1000000, loss=0.009649
[panda train] update 205500/1000000, loss=0.016181
[panda train] update 206000/1000000, loss=0.008072
[panda train] update 206500/1000000, loss=0.010345
[panda train] update 207000/1000000, loss=0.008565
[panda train] update 207500/1000000, loss=0.015510
[panda train] update 208000/1000000, loss=0.011014
[panda train] update 208500/1000000, loss=0.011979
[panda train] update 209000/1000000, loss=0.010377
[panda train] update 209500/1000000, loss=0.010116
[panda train] update 210000/1000000, loss=0.012333
[panda train] update 210500/1000000, loss=0.018095
[panda train] update 211000/1000000, loss=0.016533
[panda train] update 211500/1000000, loss=0.016248
[panda train] update 212000/1000000, loss=0.016965
[panda train] update 212500/1000000, loss=0.009912
[panda train] update 213000/1000000, loss=0.014433
[panda train] update 213500/1000000, loss=0.013832
[panda train] update 214000/1000000, loss=0.016925
[panda train] update 214500/1000000, loss=0.009201
[panda train] update 215000/1000000, loss=0.015367
[panda train] update 215500/1000000, loss=0.013197
[panda train] update 216000/1000000, loss=0.016169
[panda train] update 216500/1000000, loss=0.008778
[panda train] update 217000/1000000, loss=0.011486
[panda train] update 217500/1000000, loss=0.011674
[panda train] update 218000/1000000, loss=0.012976
[panda train] update 218500/1000000, loss=0.018052
[panda train] update 219000/1000000, loss=0.011708
[panda train] update 219500/1000000, loss=0.012464
[panda train] update 220000/1000000, loss=0.011004
[panda train] update 220500/1000000, loss=0.015850
[panda train] update 221000/1000000, loss=0.009795
[panda train] update 221500/1000000, loss=0.011042
[panda train] update 222000/1000000, loss=0.014462
[panda train] update 222500/1000000, loss=0.010412
[panda train] update 223000/1000000, loss=0.013845
[panda train] update 223500/1000000, loss=0.012247
[panda train] update 224000/1000000, loss=0.011086
[panda train] update 224500/1000000, loss=0.013014
[panda train] update 225000/1000000, loss=0.011822
[panda train] update 225500/1000000, loss=0.012561
[panda train] update 226000/1000000, loss=0.011590
[panda train] update 226500/1000000, loss=0.012344
[panda train] update 227000/1000000, loss=0.013758
[panda train] update 227500/1000000, loss=0.007584
[panda train] update 228000/1000000, loss=0.016077
[panda train] update 228500/1000000, loss=0.013847
[panda train] update 229000/1000000, loss=0.011055
[panda train] update 229500/1000000, loss=0.016561
[panda train] update 230000/1000000, loss=0.014736
[panda train] update 230500/1000000, loss=0.009171
[panda train] update 231000/1000000, loss=0.019939
[panda train] update 231500/1000000, loss=0.009801
[panda train] update 232000/1000000, loss=0.013790
[panda train] update 232500/1000000, loss=0.013293
[panda train] update 233000/1000000, loss=0.013247
[panda train] update 233500/1000000, loss=0.011814
[panda train] update 234000/1000000, loss=0.007532
[panda train] update 234500/1000000, loss=0.011686
[panda train] update 235000/1000000, loss=0.012850
[panda train] update 235500/1000000, loss=0.013768
[panda train] update 236000/1000000, loss=0.012881
[panda train] update 236500/1000000, loss=0.012395
[panda train] update 237000/1000000, loss=0.009733
[panda train] update 237500/1000000, loss=0.009829
[panda train] update 238000/1000000, loss=0.018357
[panda train] update 238500/1000000, loss=0.016046
[panda train] update 239000/1000000, loss=0.015896
[panda train] update 239500/1000000, loss=0.016350
[panda train] update 240000/1000000, loss=0.007698
[panda train] update 240500/1000000, loss=0.014982
[panda train] update 241000/1000000, loss=0.011413
[panda train] update 241500/1000000, loss=0.010985
[panda train] update 242000/1000000, loss=0.011943
[panda train] update 242500/1000000, loss=0.015922
[panda train] update 243000/1000000, loss=0.009148
[panda train] update 243500/1000000, loss=0.009865
[panda train] update 244000/1000000, loss=0.010473
[panda train] update 244500/1000000, loss=0.012991
[panda train] update 245000/1000000, loss=0.012292
[panda train] update 245500/1000000, loss=0.012584
[panda train] update 246000/1000000, loss=0.009701
[panda train] update 246500/1000000, loss=0.013422
[panda train] update 247000/1000000, loss=0.012317
[panda train] update 247500/1000000, loss=0.008058
[panda train] update 248000/1000000, loss=0.012877
[panda train] update 248500/1000000, loss=0.014033
[panda train] update 249000/1000000, loss=0.010687
[panda train] update 249500/1000000, loss=0.011111
[panda train] update 250000/1000000, loss=0.014819
[panda train] update 250500/1000000, loss=0.012127
[panda train] update 251000/1000000, loss=0.009749
[panda train] update 251500/1000000, loss=0.011708
[panda train] update 252000/1000000, loss=0.010481
[panda train] update 252500/1000000, loss=0.011212
[panda train] update 253000/1000000, loss=0.010748
[panda train] update 253500/1000000, loss=0.013600
[panda train] update 254000/1000000, loss=0.012541
[panda train] update 254500/1000000, loss=0.017198
[panda train] update 255000/1000000, loss=0.012490
[panda train] update 255500/1000000, loss=0.010335
[panda train] update 256000/1000000, loss=0.011311
[panda train] update 256500/1000000, loss=0.009516
[panda train] update 257000/1000000, loss=0.010412
[panda train] update 257500/1000000, loss=0.008935
[panda train] update 258000/1000000, loss=0.016625
[panda train] update 258500/1000000, loss=0.011578
[panda train] update 259000/1000000, loss=0.014266
[panda train] update 259500/1000000, loss=0.015696
[panda train] update 260000/1000000, loss=0.011215
[panda train] update 260500/1000000, loss=0.012605
[panda train] update 261000/1000000, loss=0.012388
[panda train] update 261500/1000000, loss=0.018635
[panda train] update 262000/1000000, loss=0.011879
[panda train] update 262500/1000000, loss=0.012643
[panda train] update 263000/1000000, loss=0.018099
[panda train] update 263500/1000000, loss=0.015918
[panda train] update 264000/1000000, loss=0.014319
[panda train] update 264500/1000000, loss=0.010996
[panda train] update 265000/1000000, loss=0.011118
[panda train] update 265500/1000000, loss=0.006277
[panda train] update 266000/1000000, loss=0.008868
[panda train] update 266500/1000000, loss=0.009478
[panda train] update 267000/1000000, loss=0.010625
[panda train] update 267500/1000000, loss=0.011560
[panda train] update 268000/1000000, loss=0.012380
[panda train] update 268500/1000000, loss=0.011001
[panda train] update 269000/1000000, loss=0.012051
[panda train] update 269500/1000000, loss=0.008486
[panda train] update 270000/1000000, loss=0.011596
[panda train] update 270500/1000000, loss=0.014818
[panda train] update 271000/1000000, loss=0.014162
[panda train] update 271500/1000000, loss=0.015333
[panda train] update 272000/1000000, loss=0.013775
[panda train] update 272500/1000000, loss=0.008341
[panda train] update 273000/1000000, loss=0.010830
[panda train] update 273500/1000000, loss=0.012758
[panda train] update 274000/1000000, loss=0.008441
[panda train] update 274500/1000000, loss=0.014745
[panda train] update 275000/1000000, loss=0.016257
[panda train] update 275500/1000000, loss=0.015011
[panda train] update 276000/1000000, loss=0.013639
[panda train] update 276500/1000000, loss=0.013893
[panda train] update 277000/1000000, loss=0.008674
[panda train] update 277500/1000000, loss=0.013062
[panda train] update 278000/1000000, loss=0.010306
[panda train] update 278500/1000000, loss=0.009170
[panda train] update 279000/1000000, loss=0.011705
[panda train] update 279500/1000000, loss=0.011032
[panda train] update 280000/1000000, loss=0.010910
[panda train] update 280500/1000000, loss=0.012280
[panda train] update 281000/1000000, loss=0.015831
[panda train] update 281500/1000000, loss=0.015215
[panda train] update 282000/1000000, loss=0.010467
[panda train] update 282500/1000000, loss=0.012921
[panda train] update 283000/1000000, loss=0.015085
[panda train] update 283500/1000000, loss=0.010585
[panda train] update 284000/1000000, loss=0.009882
[panda train] update 284500/1000000, loss=0.008302
[panda train] update 285000/1000000, loss=0.014097
[panda train] update 285500/1000000, loss=0.013342
[panda train] update 286000/1000000, loss=0.007489
[panda train] update 286500/1000000, loss=0.015035
[panda train] update 287000/1000000, loss=0.009797
[panda train] update 287500/1000000, loss=0.011037
[panda train] update 288000/1000000, loss=0.014692
[panda train] update 288500/1000000, loss=0.013948
[panda train] update 289000/1000000, loss=0.010501
[panda train] update 289500/1000000, loss=0.009085
[panda train] update 290000/1000000, loss=0.017846
[panda train] update 290500/1000000, loss=0.011889
[panda train] update 291000/1000000, loss=0.011457
[panda train] update 291500/1000000, loss=0.007404
[panda train] update 292000/1000000, loss=0.013677
[panda train] update 292500/1000000, loss=0.010821
[panda train] update 293000/1000000, loss=0.010915
[panda train] update 293500/1000000, loss=0.015463
[panda train] update 294000/1000000, loss=0.011158
[panda train] update 294500/1000000, loss=0.011125
[panda train] update 295000/1000000, loss=0.011127
[panda train] update 295500/1000000, loss=0.012975
[panda train] update 296000/1000000, loss=0.010841
[panda train] update 296500/1000000, loss=0.007312
[panda train] update 297000/1000000, loss=0.017481
[panda train] update 297500/1000000, loss=0.011602
[panda train] update 298000/1000000, loss=0.010623
[panda train] update 298500/1000000, loss=0.010954
[panda train] update 299000/1000000, loss=0.014999
[panda train] update 299500/1000000, loss=0.013409
[panda train] update 300000/1000000, loss=0.015829
[panda train] update 300500/1000000, loss=0.010943
[panda train] update 301000/1000000, loss=0.011299
[panda train] update 301500/1000000, loss=0.013477
[panda train] update 302000/1000000, loss=0.014839
[panda train] update 302500/1000000, loss=0.011058
[panda train] update 303000/1000000, loss=0.013062
[panda train] update 303500/1000000, loss=0.013961
[panda train] update 304000/1000000, loss=0.015753
[panda train] update 304500/1000000, loss=0.009267
[panda train] update 305000/1000000, loss=0.009744
[panda train] update 305500/1000000, loss=0.013415
[panda train] update 306000/1000000, loss=0.016474
[panda train] update 306500/1000000, loss=0.011303
[panda train] update 307000/1000000, loss=0.009596
[panda train] update 307500/1000000, loss=0.010880
[panda train] update 308000/1000000, loss=0.014968
[panda train] update 308500/1000000, loss=0.008712
[panda train] update 309000/1000000, loss=0.009951
[panda train] update 309500/1000000, loss=0.009849
[panda train] update 310000/1000000, loss=0.015776
[panda train] update 310500/1000000, loss=0.010162
[panda train] update 311000/1000000, loss=0.011549
[panda train] update 311500/1000000, loss=0.010606
[panda train] update 312000/1000000, loss=0.016018
[panda train] update 312500/1000000, loss=0.009236
[panda train] update 313000/1000000, loss=0.010396
[panda train] update 313500/1000000, loss=0.014363
[panda train] update 314000/1000000, loss=0.011899
[panda train] update 314500/1000000, loss=0.015180
[panda train] update 315000/1000000, loss=0.016074
[panda train] update 315500/1000000, loss=0.010462
[panda train] update 316000/1000000, loss=0.011920
[panda train] update 316500/1000000, loss=0.011016
[panda train] update 317000/1000000, loss=0.012308
[panda train] update 317500/1000000, loss=0.008469
[panda train] update 318000/1000000, loss=0.007247
[panda train] update 318500/1000000, loss=0.011486
[panda train] update 319000/1000000, loss=0.006287
[panda train] update 319500/1000000, loss=0.009380
[panda train] update 320000/1000000, loss=0.010391
[panda train] update 320500/1000000, loss=0.011838
[panda train] update 321000/1000000, loss=0.007433
[panda train] update 321500/1000000, loss=0.008521
[panda train] update 322000/1000000, loss=0.010160
[panda train] update 322500/1000000, loss=0.012354
[panda train] update 323000/1000000, loss=0.012008
[panda train] update 323500/1000000, loss=0.009130
[panda train] update 324000/1000000, loss=0.012581
[panda train] update 324500/1000000, loss=0.009977
[panda train] update 325000/1000000, loss=0.010974
[panda train] update 325500/1000000, loss=0.010802
[panda train] update 326000/1000000, loss=0.010680
[panda train] update 326500/1000000, loss=0.008493
[panda train] update 327000/1000000, loss=0.016062
[panda train] update 327500/1000000, loss=0.011793
[panda train] update 328000/1000000, loss=0.008860
[panda train] update 328500/1000000, loss=0.012186
[panda train] update 329000/1000000, loss=0.012103
[panda train] update 329500/1000000, loss=0.016750
[panda train] update 330000/1000000, loss=0.011648
[panda train] update 330500/1000000, loss=0.013991
[panda train] update 331000/1000000, loss=0.013618
[panda train] update 331500/1000000, loss=0.017404
[panda train] update 332000/1000000, loss=0.014554
[panda train] update 332500/1000000, loss=0.011753
[panda train] update 333000/1000000, loss=0.009683
[panda train] update 333500/1000000, loss=0.011482
[panda train] update 334000/1000000, loss=0.009391
[panda train] update 334500/1000000, loss=0.007837
[panda train] update 335000/1000000, loss=0.010073
[panda train] update 335500/1000000, loss=0.010970
[panda train] update 336000/1000000, loss=0.012360
[panda train] update 336500/1000000, loss=0.006103
[panda train] update 337000/1000000, loss=0.013963
[panda train] update 337500/1000000, loss=0.009891
[panda train] update 338000/1000000, loss=0.012903
[panda train] update 338500/1000000, loss=0.017016
[panda train] update 339000/1000000, loss=0.009100
[panda train] update 339500/1000000, loss=0.009202
[panda train] update 340000/1000000, loss=0.008181
[panda train] update 340500/1000000, loss=0.012984
[panda train] update 341000/1000000, loss=0.010489
[panda train] update 341500/1000000, loss=0.014619
[panda train] update 342000/1000000, loss=0.010914
[panda train] update 342500/1000000, loss=0.009202
[panda train] update 343000/1000000, loss=0.015687
[panda train] update 343500/1000000, loss=0.013161
[panda train] update 344000/1000000, loss=0.010100
[panda train] update 344500/1000000, loss=0.012870
[panda train] update 345000/1000000, loss=0.007313
[panda train] update 345500/1000000, loss=0.012964
[panda train] update 346000/1000000, loss=0.013178
[panda train] update 346500/1000000, loss=0.010335
[panda train] update 347000/1000000, loss=0.014597
[panda train] update 347500/1000000, loss=0.010904
[panda train] update 348000/1000000, loss=0.008836
[panda train] update 348500/1000000, loss=0.010444
[panda train] update 349000/1000000, loss=0.014296
[panda train] update 349500/1000000, loss=0.011774
[panda train] update 350000/1000000, loss=0.012121
[panda train] update 350500/1000000, loss=0.008046
[panda train] update 351000/1000000, loss=0.006837
[panda train] update 351500/1000000, loss=0.012837
[panda train] update 352000/1000000, loss=0.014281
[panda train] update 352500/1000000, loss=0.011611
[panda train] update 353000/1000000, loss=0.007830
[panda train] update 353500/1000000, loss=0.010277
[panda train] update 354000/1000000, loss=0.008356
[panda train] update 354500/1000000, loss=0.011986
[panda train] update 355000/1000000, loss=0.012451
[panda train] update 355500/1000000, loss=0.016287
[panda train] update 356000/1000000, loss=0.009403
[panda train] update 356500/1000000, loss=0.010767
[panda train] update 357000/1000000, loss=0.012071
[panda train] update 357500/1000000, loss=0.010501
[panda train] update 358000/1000000, loss=0.008829
[panda train] update 358500/1000000, loss=0.010386
[panda train] update 359000/1000000, loss=0.009389
[panda train] update 359500/1000000, loss=0.008331
[panda train] update 360000/1000000, loss=0.012681
[panda train] update 360500/1000000, loss=0.009003
[panda train] update 361000/1000000, loss=0.015273
[panda train] update 361500/1000000, loss=0.011301
[panda train] update 362000/1000000, loss=0.011275
[panda train] update 362500/1000000, loss=0.010389
[panda train] update 363000/1000000, loss=0.006664
[panda train] update 363500/1000000, loss=0.014738
[panda train] update 364000/1000000, loss=0.015090
[panda train] update 364500/1000000, loss=0.011487
[panda train] update 365000/1000000, loss=0.006735
[panda train] update 365500/1000000, loss=0.009355
[panda train] update 366000/1000000, loss=0.010264
[panda train] update 366500/1000000, loss=0.014088
[panda train] update 367000/1000000, loss=0.009063
[panda train] update 367500/1000000, loss=0.010411
[panda train] update 368000/1000000, loss=0.011043
[panda train] update 368500/1000000, loss=0.010600
[panda train] update 369000/1000000, loss=0.016347
[panda train] update 369500/1000000, loss=0.007937
[panda train] update 370000/1000000, loss=0.007421
[panda train] update 370500/1000000, loss=0.012893
[panda train] update 371000/1000000, loss=0.010282
[panda train] update 371500/1000000, loss=0.007224
[panda train] update 372000/1000000, loss=0.012936
[panda train] update 372500/1000000, loss=0.011065
[panda train] update 373000/1000000, loss=0.011193
[panda train] update 373500/1000000, loss=0.010427
[panda train] update 374000/1000000, loss=0.011693
[panda train] update 374500/1000000, loss=0.009541
[panda train] update 375000/1000000, loss=0.010294
[panda train] update 375500/1000000, loss=0.010862
[panda train] update 376000/1000000, loss=0.012204
[panda train] update 376500/1000000, loss=0.012950
[panda train] update 377000/1000000, loss=0.006931
[panda train] update 377500/1000000, loss=0.015715
[panda train] update 378000/1000000, loss=0.014467
[panda train] update 378500/1000000, loss=0.008007
[panda train] update 379000/1000000, loss=0.009113
[panda train] update 379500/1000000, loss=0.006713
[panda train] update 380000/1000000, loss=0.009269
[panda train] update 380500/1000000, loss=0.012164
[panda train] update 381000/1000000, loss=0.009495
[panda train] update 381500/1000000, loss=0.012586
[panda train] update 382000/1000000, loss=0.010215
[panda train] update 382500/1000000, loss=0.011946
[panda train] update 383000/1000000, loss=0.013121
[panda train] update 383500/1000000, loss=0.011705
[panda train] update 384000/1000000, loss=0.011617
[panda train] update 384500/1000000, loss=0.011216
[panda train] update 385000/1000000, loss=0.010086
[panda train] update 385500/1000000, loss=0.014142
[panda train] update 386000/1000000, loss=0.011682
[panda train] update 386500/1000000, loss=0.012161
[panda train] update 387000/1000000, loss=0.010552
[panda train] update 387500/1000000, loss=0.010159
[panda train] update 388000/1000000, loss=0.010984
[panda train] update 388500/1000000, loss=0.008724
[panda train] update 389000/1000000, loss=0.012171
[panda train] update 389500/1000000, loss=0.010609
[panda train] update 390000/1000000, loss=0.006124
[panda train] update 390500/1000000, loss=0.008823
[panda train] update 391000/1000000, loss=0.008927
[panda train] update 391500/1000000, loss=0.008499
[panda train] update 392000/1000000, loss=0.012773
[panda train] update 392500/1000000, loss=0.012847
[panda train] update 393000/1000000, loss=0.009287
[panda train] update 393500/1000000, loss=0.012752
[panda train] update 394000/1000000, loss=0.011258
[panda train] update 394500/1000000, loss=0.008380
[panda train] update 395000/1000000, loss=0.009041
[panda train] update 395500/1000000, loss=0.007198
[panda train] update 396000/1000000, loss=0.011364
[panda train] update 396500/1000000, loss=0.015920
[panda train] update 397000/1000000, loss=0.010430
[panda train] update 397500/1000000, loss=0.006434
[panda train] update 398000/1000000, loss=0.008024
[panda train] update 398500/1000000, loss=0.009709
[panda train] update 399000/1000000, loss=0.008035
[panda train] update 399500/1000000, loss=0.011487
[panda train] update 400000/1000000, loss=0.011299
[panda train] update 400500/1000000, loss=0.010949
[panda train] update 401000/1000000, loss=0.012175
[panda train] update 401500/1000000, loss=0.011802
[panda train] update 402000/1000000, loss=0.012214
[panda train] update 402500/1000000, loss=0.011451
[panda train] update 403000/1000000, loss=0.018938
[panda train] update 403500/1000000, loss=0.008448
[panda train] update 404000/1000000, loss=0.010760
[panda train] update 404500/1000000, loss=0.010165
[panda train] update 405000/1000000, loss=0.013205
[panda train] update 405500/1000000, loss=0.011746
[panda train] update 406000/1000000, loss=0.009728
[panda train] update 406500/1000000, loss=0.011557
[panda train] update 407000/1000000, loss=0.013592
[panda train] update 407500/1000000, loss=0.012439
[panda train] update 408000/1000000, loss=0.014385
[panda train] update 408500/1000000, loss=0.011176
[panda train] update 409000/1000000, loss=0.014187
[panda train] update 409500/1000000, loss=0.010850
[panda train] update 410000/1000000, loss=0.008732
[panda train] update 410500/1000000, loss=0.011125
[panda train] update 411000/1000000, loss=0.010688
[panda train] update 411500/1000000, loss=0.010328
[panda train] update 412000/1000000, loss=0.010493
[panda train] update 412500/1000000, loss=0.007300
[panda train] update 413000/1000000, loss=0.014499
[panda train] update 413500/1000000, loss=0.010392
[panda train] update 414000/1000000, loss=0.009997
[panda train] update 414500/1000000, loss=0.006539
[panda train] update 415000/1000000, loss=0.009930
[panda train] update 415500/1000000, loss=0.009862
[panda train] update 416000/1000000, loss=0.009848
[panda train] update 416500/1000000, loss=0.009995
[panda train] update 417000/1000000, loss=0.012042
[panda train] update 417500/1000000, loss=0.015602
[panda train] update 418000/1000000, loss=0.010732
[panda train] update 418500/1000000, loss=0.014353
[panda train] update 419000/1000000, loss=0.010195
[panda train] update 419500/1000000, loss=0.010903
[panda train] update 420000/1000000, loss=0.005676
[panda train] update 420500/1000000, loss=0.011247
[panda train] update 421000/1000000, loss=0.015757
[panda train] update 421500/1000000, loss=0.013501
[panda train] update 422000/1000000, loss=0.011172
[panda train] update 422500/1000000, loss=0.014220
[panda train] update 423000/1000000, loss=0.013018
[panda train] update 423500/1000000, loss=0.006678
[panda train] update 424000/1000000, loss=0.009525
[panda train] update 424500/1000000, loss=0.011039
[panda train] update 425000/1000000, loss=0.008778
[panda train] update 425500/1000000, loss=0.009068
[panda train] update 426000/1000000, loss=0.009085
[panda train] update 426500/1000000, loss=0.010737
[panda train] update 427000/1000000, loss=0.009658
[panda train] update 427500/1000000, loss=0.009091
[panda train] update 428000/1000000, loss=0.009086
[panda train] update 428500/1000000, loss=0.010383
[panda train] update 429000/1000000, loss=0.007444
[panda train] update 429500/1000000, loss=0.013683
[panda train] update 430000/1000000, loss=0.009563
[panda train] update 430500/1000000, loss=0.012611
[panda train] update 431000/1000000, loss=0.013901
[panda train] update 431500/1000000, loss=0.009278
[panda train] update 432000/1000000, loss=0.010703
[panda train] update 432500/1000000, loss=0.012503
[panda train] update 433000/1000000, loss=0.010148
[panda train] update 433500/1000000, loss=0.009633
[panda train] update 434000/1000000, loss=0.010123
[panda train] update 434500/1000000, loss=0.009633
[panda train] update 435000/1000000, loss=0.006829
[panda train] update 435500/1000000, loss=0.010738
[panda train] update 436000/1000000, loss=0.009118
[panda train] update 436500/1000000, loss=0.009358
[panda train] update 437000/1000000, loss=0.008955
[panda train] update 437500/1000000, loss=0.007863
[panda train] update 438000/1000000, loss=0.013185
[panda train] update 438500/1000000, loss=0.010104
[panda train] update 439000/1000000, loss=0.008271
[panda train] update 439500/1000000, loss=0.013358
[panda train] update 440000/1000000, loss=0.010590
[panda train] update 440500/1000000, loss=0.009645
[panda train] update 441000/1000000, loss=0.008970
[panda train] update 441500/1000000, loss=0.015139
[panda train] update 442000/1000000, loss=0.011075
[panda train] update 442500/1000000, loss=0.008647
[panda train] update 443000/1000000, loss=0.011065
[panda train] update 443500/1000000, loss=0.007503
[panda train] update 444000/1000000, loss=0.010826
[panda train] update 444500/1000000, loss=0.011932
[panda train] update 445000/1000000, loss=0.013788
[panda train] update 445500/1000000, loss=0.009044
[panda train] update 446000/1000000, loss=0.010160
[panda train] update 446500/1000000, loss=0.007804
[panda train] update 447000/1000000, loss=0.011376
[panda train] update 447500/1000000, loss=0.013030
[panda train] update 448000/1000000, loss=0.007045
[panda train] update 448500/1000000, loss=0.011661
[panda train] update 449000/1000000, loss=0.010435
[panda train] update 449500/1000000, loss=0.008869
[panda train] update 450000/1000000, loss=0.011249
[panda train] update 450500/1000000, loss=0.010055
[panda train] update 451000/1000000, loss=0.014637
[panda train] update 451500/1000000, loss=0.011203
[panda train] update 452000/1000000, loss=0.009214
[panda train] update 452500/1000000, loss=0.011948
[panda train] update 453000/1000000, loss=0.010278
[panda train] update 453500/1000000, loss=0.011849
[panda train] update 454000/1000000, loss=0.012759
[panda train] update 454500/1000000, loss=0.011141
[panda train] update 455000/1000000, loss=0.010382
[panda train] update 455500/1000000, loss=0.010720
[panda train] update 456000/1000000, loss=0.014962
[panda train] update 456500/1000000, loss=0.008608
[panda train] update 457000/1000000, loss=0.008935
[panda train] update 457500/1000000, loss=0.010382
[panda train] update 458000/1000000, loss=0.011147
[panda train] update 458500/1000000, loss=0.011821
[panda train] update 459000/1000000, loss=0.009308
[panda train] update 459500/1000000, loss=0.009048
[panda train] update 460000/1000000, loss=0.013538
[panda train] update 460500/1000000, loss=0.008333
[panda train] update 461000/1000000, loss=0.011545
[panda train] update 461500/1000000, loss=0.010495
[panda train] update 462000/1000000, loss=0.012507
[panda train] update 462500/1000000, loss=0.012865
[panda train] update 463000/1000000, loss=0.010662
[panda train] update 463500/1000000, loss=0.009438
[panda train] update 464000/1000000, loss=0.007518
[panda train] update 464500/1000000, loss=0.014529
[panda train] update 465000/1000000, loss=0.010467
[panda train] update 465500/1000000, loss=0.012092
[panda train] update 466000/1000000, loss=0.008917
[panda train] update 466500/1000000, loss=0.013599
[panda train] update 467000/1000000, loss=0.010154
[panda train] update 467500/1000000, loss=0.009700
[panda train] update 468000/1000000, loss=0.011388
[panda train] update 468500/1000000, loss=0.009700
[panda train] update 469000/1000000, loss=0.009508
[panda train] update 469500/1000000, loss=0.012874
[panda train] update 470000/1000000, loss=0.015777
[panda train] update 470500/1000000, loss=0.010408
[panda train] update 471000/1000000, loss=0.010411
[panda train] update 471500/1000000, loss=0.012160
[panda train] update 472000/1000000, loss=0.011088
[panda train] update 472500/1000000, loss=0.011230
[panda train] update 473000/1000000, loss=0.009808
[panda train] update 473500/1000000, loss=0.011241
[panda train] update 474000/1000000, loss=0.013728
[panda train] update 474500/1000000, loss=0.006765
[panda train] update 475000/1000000, loss=0.012123
[panda train] update 475500/1000000, loss=0.009967
[panda train] update 476000/1000000, loss=0.014322
[panda train] update 476500/1000000, loss=0.010093
[panda train] update 477000/1000000, loss=0.016752
[panda train] update 477500/1000000, loss=0.011848
[panda train] update 478000/1000000, loss=0.011575
[panda train] update 478500/1000000, loss=0.008848
[panda train] update 479000/1000000, loss=0.012337
[panda train] update 479500/1000000, loss=0.010560
[panda train] update 480000/1000000, loss=0.007066
[panda train] update 480500/1000000, loss=0.009196
[panda train] update 481000/1000000, loss=0.010486
[panda train] update 481500/1000000, loss=0.007838
[panda train] update 482000/1000000, loss=0.011940
[panda train] update 482500/1000000, loss=0.010044
[panda train] update 483000/1000000, loss=0.011734
[panda train] update 483500/1000000, loss=0.009450
[panda train] update 484000/1000000, loss=0.007090
[panda train] update 484500/1000000, loss=0.010545
[panda train] update 485000/1000000, loss=0.008999
[panda train] update 485500/1000000, loss=0.009765
[panda train] update 486000/1000000, loss=0.011412
[panda train] update 486500/1000000, loss=0.013992
[panda train] update 487000/1000000, loss=0.012925
[panda train] update 487500/1000000, loss=0.007862
[panda train] update 488000/1000000, loss=0.008025
[panda train] update 488500/1000000, loss=0.010852
[panda train] update 489000/1000000, loss=0.008509
[panda train] update 489500/1000000, loss=0.009862
[panda train] update 490000/1000000, loss=0.010665
[panda train] update 490500/1000000, loss=0.007751
[panda train] update 491000/1000000, loss=0.012354
[panda train] update 491500/1000000, loss=0.010974
[panda train] update 492000/1000000, loss=0.006633
[panda train] update 492500/1000000, loss=0.008511
[panda train] update 493000/1000000, loss=0.009927
[panda train] update 493500/1000000, loss=0.012279
[panda train] update 494000/1000000, loss=0.009006
[panda train] update 494500/1000000, loss=0.007644
[panda train] update 495000/1000000, loss=0.011684
[panda train] update 495500/1000000, loss=0.010250
[panda train] update 496000/1000000, loss=0.009462
[panda train] update 496500/1000000, loss=0.010363
[panda train] update 497000/1000000, loss=0.012026
[panda train] update 497500/1000000, loss=0.009923
[panda train] update 498000/1000000, loss=0.012357
[panda train] update 498500/1000000, loss=0.010246
[panda train] update 499000/1000000, loss=0.009822
[panda train] update 499500/1000000, loss=0.008794
[panda train] update 500000/1000000, loss=0.011623
[panda train] update 500500/1000000, loss=0.008680
[panda train] update 501000/1000000, loss=0.013743
[panda train] update 501500/1000000, loss=0.010473
[panda train] update 502000/1000000, loss=0.013438
[panda train] update 502500/1000000, loss=0.009689
[panda train] update 503000/1000000, loss=0.011911
[panda train] update 503500/1000000, loss=0.009723
[panda train] update 504000/1000000, loss=0.010483
[panda train] update 504500/1000000, loss=0.009716
[panda train] update 505000/1000000, loss=0.012978
[panda train] update 505500/1000000, loss=0.009202
[panda train] update 506000/1000000, loss=0.011820
[panda train] update 506500/1000000, loss=0.011405
[panda train] update 507000/1000000, loss=0.011649
[panda train] update 507500/1000000, loss=0.015374
[panda train] update 508000/1000000, loss=0.013374
[panda train] update 508500/1000000, loss=0.010522
[panda train] update 509000/1000000, loss=0.013211
[panda train] update 509500/1000000, loss=0.012632
[panda train] update 510000/1000000, loss=0.009037
[panda train] update 510500/1000000, loss=0.007230
[panda train] update 511000/1000000, loss=0.007709
[panda train] update 511500/1000000, loss=0.014388
[panda train] update 512000/1000000, loss=0.008936
[panda train] update 512500/1000000, loss=0.008981
[panda train] update 513000/1000000, loss=0.012811
[panda train] update 513500/1000000, loss=0.011741
[panda train] update 514000/1000000, loss=0.010994
[panda train] update 514500/1000000, loss=0.008963
[panda train] update 515000/1000000, loss=0.009089
[panda train] update 515500/1000000, loss=0.007613
[panda train] update 516000/1000000, loss=0.010610
[panda train] update 516500/1000000, loss=0.008559
[panda train] update 517000/1000000, loss=0.010317
[panda train] update 517500/1000000, loss=0.012108
[panda train] update 518000/1000000, loss=0.006307
[panda train] update 518500/1000000, loss=0.010019
[panda train] update 519000/1000000, loss=0.012394
[panda train] update 519500/1000000, loss=0.010222
[panda train] update 520000/1000000, loss=0.011048
[panda train] update 520500/1000000, loss=0.009790
[panda train] update 521000/1000000, loss=0.010259
[panda train] update 521500/1000000, loss=0.015653
[panda train] update 522000/1000000, loss=0.011038
[panda train] update 522500/1000000, loss=0.010309
[panda train] update 523000/1000000, loss=0.007904
[panda train] update 523500/1000000, loss=0.011892
[panda train] update 524000/1000000, loss=0.011698
[panda train] update 524500/1000000, loss=0.010376
[panda train] update 525000/1000000, loss=0.007327
[panda train] update 525500/1000000, loss=0.009978
[panda train] update 526000/1000000, loss=0.012604
[panda train] update 526500/1000000, loss=0.011349
[panda train] update 527000/1000000, loss=0.009701
[panda train] update 527500/1000000, loss=0.016309
[panda train] update 528000/1000000, loss=0.008488
[panda train] update 528500/1000000, loss=0.012510
[panda train] update 529000/1000000, loss=0.007903
[panda train] update 529500/1000000, loss=0.012916
[panda train] update 530000/1000000, loss=0.009908
[panda train] update 530500/1000000, loss=0.009973
[panda train] update 531000/1000000, loss=0.007747
[panda train] update 531500/1000000, loss=0.007084
[panda train] update 532000/1000000, loss=0.011311
[panda train] update 532500/1000000, loss=0.011448
[panda train] update 533000/1000000, loss=0.007695
[panda train] update 533500/1000000, loss=0.009025
[panda train] update 534000/1000000, loss=0.012503
[panda train] update 534500/1000000, loss=0.011632
[panda train] update 535000/1000000, loss=0.008973
[panda train] update 535500/1000000, loss=0.010203
[panda train] update 536000/1000000, loss=0.007473
[panda train] update 536500/1000000, loss=0.011770
[panda train] update 537000/1000000, loss=0.012037
[panda train] update 537500/1000000, loss=0.009043
[panda train] update 538000/1000000, loss=0.009581
[panda train] update 538500/1000000, loss=0.012045
[panda train] update 539000/1000000, loss=0.011545
[panda train] update 539500/1000000, loss=0.012906
[panda train] update 540000/1000000, loss=0.008272
[panda train] update 540500/1000000, loss=0.008355
[panda train] update 541000/1000000, loss=0.010754
[panda train] update 541500/1000000, loss=0.011399
[panda train] update 542000/1000000, loss=0.007949
[panda train] update 542500/1000000, loss=0.008870
[panda train] update 543000/1000000, loss=0.008078
[panda train] update 543500/1000000, loss=0.008003
[panda train] update 544000/1000000, loss=0.011077
[panda train] update 544500/1000000, loss=0.012447
[panda train] update 545000/1000000, loss=0.010830
[panda train] update 545500/1000000, loss=0.012788
[panda train] update 546000/1000000, loss=0.015235
[panda train] update 546500/1000000, loss=0.009445
[panda train] update 547000/1000000, loss=0.009742
[panda train] update 547500/1000000, loss=0.013509
[panda train] update 548000/1000000, loss=0.009715
[panda train] update 548500/1000000, loss=0.008912
[panda train] update 549000/1000000, loss=0.011412
[panda train] update 549500/1000000, loss=0.008714
[panda train] update 550000/1000000, loss=0.007095
[panda train] update 550500/1000000, loss=0.010907
[panda train] update 551000/1000000, loss=0.011743
[panda train] update 551500/1000000, loss=0.008898
[panda train] update 552000/1000000, loss=0.013784
[panda train] update 552500/1000000, loss=0.010995
[panda train] update 553000/1000000, loss=0.010570
[panda train] update 553500/1000000, loss=0.010555
[panda train] update 554000/1000000, loss=0.011582
[panda train] update 554500/1000000, loss=0.012960
[panda train] update 555000/1000000, loss=0.008315
[panda train] update 555500/1000000, loss=0.009877
[panda train] update 556000/1000000, loss=0.008242
[panda train] update 556500/1000000, loss=0.007704
[panda train] update 557000/1000000, loss=0.010845
[panda train] update 557500/1000000, loss=0.010610
[panda train] update 558000/1000000, loss=0.008948
[panda train] update 558500/1000000, loss=0.008691
[panda train] update 559000/1000000, loss=0.007334
[panda train] update 559500/1000000, loss=0.008047
[panda train] update 560000/1000000, loss=0.009797
[panda train] update 560500/1000000, loss=0.009713
[panda train] update 561000/1000000, loss=0.010666
[panda train] update 561500/1000000, loss=0.009115
[panda train] update 562000/1000000, loss=0.008706
[panda train] update 562500/1000000, loss=0.007496
[panda train] update 563000/1000000, loss=0.010145
[panda train] update 563500/1000000, loss=0.012483
[panda train] update 564000/1000000, loss=0.009647
[panda train] update 564500/1000000, loss=0.008214
[panda train] update 565000/1000000, loss=0.011956
[panda train] update 565500/1000000, loss=0.009344
[panda train] update 566000/1000000, loss=0.009547
[panda train] update 566500/1000000, loss=0.008274
[panda train] update 567000/1000000, loss=0.010484
[panda train] update 567500/1000000, loss=0.013612
[panda train] update 568000/1000000, loss=0.009196
[panda train] update 568500/1000000, loss=0.013958
[panda train] update 569000/1000000, loss=0.010378
[panda train] update 569500/1000000, loss=0.008859
[panda train] update 570000/1000000, loss=0.007572
[panda train] update 570500/1000000, loss=0.009902
[panda train] update 571000/1000000, loss=0.007987
[panda train] update 571500/1000000, loss=0.009903
[panda train] update 572000/1000000, loss=0.009248
[panda train] update 572500/1000000, loss=0.007692
[panda train] update 573000/1000000, loss=0.010974
[panda train] update 573500/1000000, loss=0.011150
[panda train] update 574000/1000000, loss=0.011965
[panda train] update 574500/1000000, loss=0.008029
[panda train] update 575000/1000000, loss=0.010242
[panda train] update 575500/1000000, loss=0.010202
[panda train] update 576000/1000000, loss=0.010941
[panda train] update 576500/1000000, loss=0.009275
[panda train] update 577000/1000000, loss=0.008544
[panda train] update 577500/1000000, loss=0.007919
[panda train] update 578000/1000000, loss=0.009741
[panda train] update 578500/1000000, loss=0.014403
[panda train] update 579000/1000000, loss=0.011721
[panda train] update 579500/1000000, loss=0.010938
[panda train] update 580000/1000000, loss=0.009949
[panda train] update 580500/1000000, loss=0.010595
[panda train] update 581000/1000000, loss=0.010295
[panda train] update 581500/1000000, loss=0.010100
[panda train] update 582000/1000000, loss=0.011716
[panda train] update 582500/1000000, loss=0.009003
[panda train] update 583000/1000000, loss=0.010615
[panda train] update 583500/1000000, loss=0.010063
[panda train] update 584000/1000000, loss=0.009777
[panda train] update 584500/1000000, loss=0.008471
[panda train] update 585000/1000000, loss=0.012018
[panda train] update 585500/1000000, loss=0.011993
[panda train] update 586000/1000000, loss=0.010377
[panda train] update 586500/1000000, loss=0.014700
[panda train] update 587000/1000000, loss=0.008867
[panda train] update 587500/1000000, loss=0.008403
[panda train] update 588000/1000000, loss=0.006969
[panda train] update 588500/1000000, loss=0.012306
[panda train] update 589000/1000000, loss=0.015226
[panda train] update 589500/1000000, loss=0.007554
[panda train] update 590000/1000000, loss=0.006040
[panda train] update 590500/1000000, loss=0.010353
[panda train] update 591000/1000000, loss=0.007029
[panda train] update 591500/1000000, loss=0.009256
[panda train] update 592000/1000000, loss=0.007056
[panda train] update 592500/1000000, loss=0.007252
[panda train] update 593000/1000000, loss=0.009615
[panda train] update 593500/1000000, loss=0.010787
[panda train] update 594000/1000000, loss=0.007363
[panda train] update 594500/1000000, loss=0.008123
[panda train] update 595000/1000000, loss=0.007752
[panda train] update 595500/1000000, loss=0.009964
[panda train] update 596000/1000000, loss=0.008266
[panda train] update 596500/1000000, loss=0.008531
[panda train] update 597000/1000000, loss=0.009627
[panda train] update 597500/1000000, loss=0.014353
[panda train] update 598000/1000000, loss=0.009308
[panda train] update 598500/1000000, loss=0.007910
[panda train] update 599000/1000000, loss=0.014551
[panda train] update 599500/1000000, loss=0.008651
[panda train] update 600000/1000000, loss=0.009959
[panda train] update 600500/1000000, loss=0.010068
[panda train] update 601000/1000000, loss=0.009635
[panda train] update 601500/1000000, loss=0.008949
[panda train] update 602000/1000000, loss=0.006299
[panda train] update 602500/1000000, loss=0.010588
[panda train] update 603000/1000000, loss=0.010003
[panda train] update 603500/1000000, loss=0.007435
[panda train] update 604000/1000000, loss=0.011526
[panda train] update 604500/1000000, loss=0.009631
[panda train] update 605000/1000000, loss=0.009877
[panda train] update 605500/1000000, loss=0.011560
[panda train] update 606000/1000000, loss=0.012874
[panda train] update 606500/1000000, loss=0.013702
[panda train] update 607000/1000000, loss=0.009061
[panda train] update 607500/1000000, loss=0.010670
[panda train] update 608000/1000000, loss=0.009218
[panda train] update 608500/1000000, loss=0.007337
[panda train] update 609000/1000000, loss=0.010192
[panda train] update 609500/1000000, loss=0.010547
[panda train] update 610000/1000000, loss=0.015089
[panda train] update 610500/1000000, loss=0.009186
[panda train] update 611000/1000000, loss=0.009962
[panda train] update 611500/1000000, loss=0.012071
[panda train] update 612000/1000000, loss=0.012191
[panda train] update 612500/1000000, loss=0.011458
[panda train] update 613000/1000000, loss=0.008334
[panda train] update 613500/1000000, loss=0.006109
[panda train] update 614000/1000000, loss=0.008928
[panda train] update 614500/1000000, loss=0.008638
[panda train] update 615000/1000000, loss=0.010757
[panda train] update 615500/1000000, loss=0.010523
[panda train] update 616000/1000000, loss=0.007711
[panda train] update 616500/1000000, loss=0.009637
[panda train] update 617000/1000000, loss=0.012495
[panda train] update 617500/1000000, loss=0.011041
[panda train] update 618000/1000000, loss=0.010455
[panda train] update 618500/1000000, loss=0.008805
[panda train] update 619000/1000000, loss=0.009807
[panda train] update 619500/1000000, loss=0.008126
[panda train] update 620000/1000000, loss=0.010965
[panda train] update 620500/1000000, loss=0.010828
[panda train] update 621000/1000000, loss=0.006131
[panda train] update 621500/1000000, loss=0.010102
[panda train] update 622000/1000000, loss=0.008968
[panda train] update 622500/1000000, loss=0.009052
[panda train] update 623000/1000000, loss=0.007637
[panda train] update 623500/1000000, loss=0.009519
[panda train] update 624000/1000000, loss=0.008750
[panda train] update 624500/1000000, loss=0.007697
[panda train] update 625000/1000000, loss=0.008142
[panda train] update 625500/1000000, loss=0.009542
[panda train] update 626000/1000000, loss=0.010058
[panda train] update 626500/1000000, loss=0.008491
[panda train] update 627000/1000000, loss=0.009694
[panda train] update 627500/1000000, loss=0.006906
[panda train] update 628000/1000000, loss=0.010638
[panda train] update 628500/1000000, loss=0.006431
[panda train] update 629000/1000000, loss=0.010452
[panda train] update 629500/1000000, loss=0.011828
[panda train] update 630000/1000000, loss=0.011345
[panda train] update 630500/1000000, loss=0.009174
[panda train] update 631000/1000000, loss=0.007440
[panda train] update 631500/1000000, loss=0.012374
[panda train] update 632000/1000000, loss=0.009013
[panda train] update 632500/1000000, loss=0.009669
[panda train] update 633000/1000000, loss=0.009928
[panda train] update 633500/1000000, loss=0.012014
[panda train] update 634000/1000000, loss=0.009599
[panda train] update 634500/1000000, loss=0.010233
[panda train] update 635000/1000000, loss=0.006951
[panda train] update 635500/1000000, loss=0.009678
[panda train] update 636000/1000000, loss=0.009689
[panda train] update 636500/1000000, loss=0.007947
[panda train] update 637000/1000000, loss=0.009937
[panda train] update 637500/1000000, loss=0.006464
[panda train] update 638000/1000000, loss=0.009599
[panda train] update 638500/1000000, loss=0.014548
[panda train] update 639000/1000000, loss=0.010893
[panda train] update 639500/1000000, loss=0.012083
[panda train] update 640000/1000000, loss=0.008193
[panda train] update 640500/1000000, loss=0.007138
[panda train] update 641000/1000000, loss=0.009963
[panda train] update 641500/1000000, loss=0.010652
[panda train] update 642000/1000000, loss=0.011297
[panda train] update 642500/1000000, loss=0.008319
[panda train] update 643000/1000000, loss=0.007425
[panda train] update 643500/1000000, loss=0.012477
[panda train] update 644000/1000000, loss=0.008512
[panda train] update 644500/1000000, loss=0.006304
[panda train] update 645000/1000000, loss=0.010012
[panda train] update 645500/1000000, loss=0.010509
[panda train] update 646000/1000000, loss=0.009921
[panda train] update 646500/1000000, loss=0.007846
[panda train] update 647000/1000000, loss=0.005907
[panda train] update 647500/1000000, loss=0.007612
[panda train] update 648000/1000000, loss=0.010886
[panda train] update 648500/1000000, loss=0.009294
[panda train] update 649000/1000000, loss=0.013916
[panda train] update 649500/1000000, loss=0.009469
[panda train] update 650000/1000000, loss=0.014451
[panda train] update 650500/1000000, loss=0.009897
[panda train] update 651000/1000000, loss=0.008166
[panda train] update 651500/1000000, loss=0.008744
[panda train] update 652000/1000000, loss=0.008232
[panda train] update 652500/1000000, loss=0.010223
[panda train] update 653000/1000000, loss=0.008760
[panda train] update 653500/1000000, loss=0.013231
[panda train] update 654000/1000000, loss=0.011077
[panda train] update 654500/1000000, loss=0.011918
[panda train] update 655000/1000000, loss=0.014471
[panda train] update 655500/1000000, loss=0.007930
[panda train] update 656000/1000000, loss=0.014496
[panda train] update 656500/1000000, loss=0.009048
[panda train] update 657000/1000000, loss=0.010268
[panda train] update 657500/1000000, loss=0.012615
[panda train] update 658000/1000000, loss=0.008133
[panda train] update 658500/1000000, loss=0.008142
[panda train] update 659000/1000000, loss=0.007481
[panda train] update 659500/1000000, loss=0.009574
[panda train] update 660000/1000000, loss=0.010246
[panda train] update 660500/1000000, loss=0.011399
[panda train] update 661000/1000000, loss=0.007248
[panda train] update 661500/1000000, loss=0.006541
[panda train] update 662000/1000000, loss=0.011487
[panda train] update 662500/1000000, loss=0.006347
[panda train] update 663000/1000000, loss=0.009348
[panda train] update 663500/1000000, loss=0.007805
[panda train] update 664000/1000000, loss=0.006497
[panda train] update 664500/1000000, loss=0.007847
[panda train] update 665000/1000000, loss=0.007707
[panda train] update 665500/1000000, loss=0.007789
[panda train] update 666000/1000000, loss=0.013838
[panda train] update 666500/1000000, loss=0.011887
[panda train] update 667000/1000000, loss=0.006199
[panda train] update 667500/1000000, loss=0.010040
[panda train] update 668000/1000000, loss=0.013196
[panda train] update 668500/1000000, loss=0.005466
[panda train] update 669000/1000000, loss=0.007867
[panda train] update 669500/1000000, loss=0.009260
[panda train] update 670000/1000000, loss=0.008653
[panda train] update 670500/1000000, loss=0.011082
[panda train] update 671000/1000000, loss=0.007951
[panda train] update 671500/1000000, loss=0.007389
[panda train] update 672000/1000000, loss=0.008137
[panda train] update 672500/1000000, loss=0.008024
[panda train] update 673000/1000000, loss=0.008171
[panda train] update 673500/1000000, loss=0.010401
[panda train] update 674000/1000000, loss=0.008759
[panda train] update 674500/1000000, loss=0.006801
[panda train] update 675000/1000000, loss=0.013090
[panda train] update 675500/1000000, loss=0.008839
[panda train] update 676000/1000000, loss=0.010147
[panda train] update 676500/1000000, loss=0.010852
[panda train] update 677000/1000000, loss=0.010387
[panda train] update 677500/1000000, loss=0.009751
[panda train] update 678000/1000000, loss=0.008667
[panda train] update 678500/1000000, loss=0.012754
[panda train] update 679000/1000000, loss=0.008654
[panda train] update 679500/1000000, loss=0.011160
[panda train] update 680000/1000000, loss=0.011215
[panda train] update 680500/1000000, loss=0.008450
[panda train] update 681000/1000000, loss=0.010747
[panda train] update 681500/1000000, loss=0.011063
[panda train] update 682000/1000000, loss=0.013689
[panda train] update 682500/1000000, loss=0.009202
[panda train] update 683000/1000000, loss=0.009151
[panda train] update 683500/1000000, loss=0.007269
[panda train] update 684000/1000000, loss=0.014467
[panda train] update 684500/1000000, loss=0.012800
[panda train] update 685000/1000000, loss=0.009634
[panda train] update 685500/1000000, loss=0.009366
[panda train] update 686000/1000000, loss=0.015023
[panda train] update 686500/1000000, loss=0.011850
[panda train] update 687000/1000000, loss=0.013577
[panda train] update 687500/1000000, loss=0.008892
[panda train] update 688000/1000000, loss=0.009378
[panda train] update 688500/1000000, loss=0.010277
[panda train] update 689000/1000000, loss=0.009809
[panda train] update 689500/1000000, loss=0.008600
[panda train] update 690000/1000000, loss=0.010529
[panda train] update 690500/1000000, loss=0.009404
[panda train] update 691000/1000000, loss=0.011203
[panda train] update 691500/1000000, loss=0.013054
[panda train] update 692000/1000000, loss=0.007752
[panda train] update 692500/1000000, loss=0.007480
[panda train] update 693000/1000000, loss=0.008123
[panda train] update 693500/1000000, loss=0.008150
[panda train] update 694000/1000000, loss=0.005998
[panda train] update 694500/1000000, loss=0.009701
[panda train] update 695000/1000000, loss=0.010578
[panda train] update 695500/1000000, loss=0.007361
[panda train] update 696000/1000000, loss=0.005359
[panda train] update 696500/1000000, loss=0.006894
[panda train] update 697000/1000000, loss=0.006432
[panda train] update 697500/1000000, loss=0.008310
[panda train] update 698000/1000000, loss=0.009285
[panda train] update 698500/1000000, loss=0.013031
[panda train] update 699000/1000000, loss=0.009731
[panda train] update 699500/1000000, loss=0.008334
[panda train] update 700000/1000000, loss=0.007034
[panda train] update 700500/1000000, loss=0.011246
[panda train] update 701000/1000000, loss=0.009503
[panda train] update 701500/1000000, loss=0.009865
[panda train] update 702000/1000000, loss=0.010150
[panda train] update 702500/1000000, loss=0.010483
[panda train] update 703000/1000000, loss=0.009429
[panda train] update 703500/1000000, loss=0.006814
[panda train] update 704000/1000000, loss=0.008979
[panda train] update 704500/1000000, loss=0.007822
[panda train] update 705000/1000000, loss=0.010340
[panda train] update 705500/1000000, loss=0.009163
[panda train] update 706000/1000000, loss=0.010129
[panda train] update 706500/1000000, loss=0.010482
[panda train] update 707000/1000000, loss=0.008040
[panda train] update 707500/1000000, loss=0.010009
[panda train] update 708000/1000000, loss=0.007865
[panda train] update 708500/1000000, loss=0.006585
[panda train] update 709000/1000000, loss=0.006796
[panda train] update 709500/1000000, loss=0.007776
[panda train] update 710000/1000000, loss=0.007614
[panda train] update 710500/1000000, loss=0.010758
[panda train] update 711000/1000000, loss=0.010589
[panda train] update 711500/1000000, loss=0.008552
[panda train] update 712000/1000000, loss=0.008986
[panda train] update 712500/1000000, loss=0.011540
[panda train] update 713000/1000000, loss=0.008623
[panda train] update 713500/1000000, loss=0.008535
[panda train] update 714000/1000000, loss=0.009553
[panda train] update 714500/1000000, loss=0.009438
[panda train] update 715000/1000000, loss=0.009680
[panda train] update 715500/1000000, loss=0.011208
[panda train] update 716000/1000000, loss=0.010767
[panda train] update 716500/1000000, loss=0.012867
[panda train] update 717000/1000000, loss=0.007850
[panda train] update 717500/1000000, loss=0.010498
[panda train] update 718000/1000000, loss=0.007792
[panda train] update 718500/1000000, loss=0.006930
[panda train] update 719000/1000000, loss=0.008050
[panda train] update 719500/1000000, loss=0.009474
[panda train] update 720000/1000000, loss=0.010498
[panda train] update 720500/1000000, loss=0.012469
[panda train] update 721000/1000000, loss=0.008699
[panda train] update 721500/1000000, loss=0.007049
[panda train] update 722000/1000000, loss=0.008596
[panda train] update 722500/1000000, loss=0.013093
[panda train] update 723000/1000000, loss=0.012485
[panda train] update 723500/1000000, loss=0.009016
[panda train] update 724000/1000000, loss=0.008522
[panda train] update 724500/1000000, loss=0.010117
[panda train] update 725000/1000000, loss=0.010647
[panda train] update 725500/1000000, loss=0.008186
[panda train] update 726000/1000000, loss=0.009788
[panda train] update 726500/1000000, loss=0.011026
[panda train] update 727000/1000000, loss=0.011011
[panda train] update 727500/1000000, loss=0.009838
[panda train] update 728000/1000000, loss=0.012255
[panda train] update 728500/1000000, loss=0.011287
[panda train] update 729000/1000000, loss=0.008051
[panda train] update 729500/1000000, loss=0.009808
[panda train] update 730000/1000000, loss=0.010835
[panda train] update 730500/1000000, loss=0.012958
[panda train] update 731000/1000000, loss=0.006918
[panda train] update 731500/1000000, loss=0.008032
[panda train] update 732000/1000000, loss=0.007612
[panda train] update 732500/1000000, loss=0.007117
[panda train] update 733000/1000000, loss=0.009567
[panda train] update 733500/1000000, loss=0.010775
[panda train] update 734000/1000000, loss=0.014402
[panda train] update 734500/1000000, loss=0.010364
[panda train] update 735000/1000000, loss=0.012344
[panda train] update 735500/1000000, loss=0.005728
[panda train] update 736000/1000000, loss=0.010486
[panda train] update 736500/1000000, loss=0.009853
[panda train] update 737000/1000000, loss=0.010117
[panda train] update 737500/1000000, loss=0.008369
[panda train] update 738000/1000000, loss=0.011186
[panda train] update 738500/1000000, loss=0.011269
[panda train] update 739000/1000000, loss=0.009005
[panda train] update 739500/1000000, loss=0.008238
[panda train] update 740000/1000000, loss=0.013731
[panda train] update 740500/1000000, loss=0.009071
[panda train] update 741000/1000000, loss=0.008761
[panda train] update 741500/1000000, loss=0.007821
[panda train] update 742000/1000000, loss=0.007778
[panda train] update 742500/1000000, loss=0.012148
[panda train] update 743000/1000000, loss=0.009954
[panda train] update 743500/1000000, loss=0.010568
[panda train] update 744000/1000000, loss=0.008253
[panda train] update 744500/1000000, loss=0.006718
[panda train] update 745000/1000000, loss=0.008990
[panda train] update 745500/1000000, loss=0.010030
[panda train] update 746000/1000000, loss=0.005682
[panda train] update 746500/1000000, loss=0.012783
[panda train] update 747000/1000000, loss=0.006719
[panda train] update 747500/1000000, loss=0.009791
[panda train] update 748000/1000000, loss=0.008937
[panda train] update 748500/1000000, loss=0.012061
[panda train] update 749000/1000000, loss=0.009675
[panda train] update 749500/1000000, loss=0.007569
[panda train] update 750000/1000000, loss=0.013749
[panda train] update 750500/1000000, loss=0.009270
[panda train] update 751000/1000000, loss=0.008957
[panda train] update 751500/1000000, loss=0.008123
[panda train] update 752000/1000000, loss=0.010797
[panda train] update 752500/1000000, loss=0.008205
[panda train] update 753000/1000000, loss=0.008543
[panda train] update 753500/1000000, loss=0.012341
[panda train] update 754000/1000000, loss=0.009102
[panda train] update 754500/1000000, loss=0.007901
[panda train] update 755000/1000000, loss=0.008267
[panda train] update 755500/1000000, loss=0.007609
[panda train] update 756000/1000000, loss=0.007021
[panda train] update 756500/1000000, loss=0.012130
[panda train] update 757000/1000000, loss=0.007985
[panda train] update 757500/1000000, loss=0.006623
[panda train] update 758000/1000000, loss=0.008894
[panda train] update 758500/1000000, loss=0.009906
[panda train] update 759000/1000000, loss=0.013792
[panda train] update 759500/1000000, loss=0.009344
[panda train] update 760000/1000000, loss=0.012015
[panda train] update 760500/1000000, loss=0.008618
[panda train] update 761000/1000000, loss=0.009343
[panda train] update 761500/1000000, loss=0.013165
[panda train] update 762000/1000000, loss=0.009019
[panda train] update 762500/1000000, loss=0.007892
[panda train] update 763000/1000000, loss=0.008888
[panda train] update 763500/1000000, loss=0.008252
[panda train] update 764000/1000000, loss=0.008582
[panda train] update 764500/1000000, loss=0.010651
[panda train] update 765000/1000000, loss=0.011081
[panda train] update 765500/1000000, loss=0.010494
[panda train] update 766000/1000000, loss=0.006696
[panda train] update 766500/1000000, loss=0.012804
[panda train] update 767000/1000000, loss=0.009724
[panda train] update 767500/1000000, loss=0.011557
[panda train] update 768000/1000000, loss=0.008667
[panda train] update 768500/1000000, loss=0.006212
[panda train] update 769000/1000000, loss=0.010934
[panda train] update 769500/1000000, loss=0.008954
[panda train] update 770000/1000000, loss=0.012807
[panda train] update 770500/1000000, loss=0.008602
[panda train] update 771000/1000000, loss=0.012423
[panda train] update 771500/1000000, loss=0.009426
[panda train] update 772000/1000000, loss=0.011196
[panda train] update 772500/1000000, loss=0.009007
[panda train] update 773000/1000000, loss=0.009681
[panda train] update 773500/1000000, loss=0.006273
[panda train] update 774000/1000000, loss=0.007659
[panda train] update 774500/1000000, loss=0.010142
[panda train] update 775000/1000000, loss=0.009598
[panda train] update 775500/1000000, loss=0.008820
[panda train] update 776000/1000000, loss=0.007442
[panda train] update 776500/1000000, loss=0.008494
[panda train] update 777000/1000000, loss=0.012093
[panda train] update 777500/1000000, loss=0.010043
[panda train] update 778000/1000000, loss=0.005904
[panda train] update 778500/1000000, loss=0.010224
[panda train] update 779000/1000000, loss=0.009468
[panda train] update 779500/1000000, loss=0.006893
[panda train] update 780000/1000000, loss=0.012592
[panda train] update 780500/1000000, loss=0.011332
[panda train] update 781000/1000000, loss=0.011162
[panda train] update 781500/1000000, loss=0.007908
[panda train] update 782000/1000000, loss=0.008412
[panda train] update 782500/1000000, loss=0.009619
[panda train] update 783000/1000000, loss=0.010600
[panda train] update 783500/1000000, loss=0.009457
[panda train] update 784000/1000000, loss=0.010252
[panda train] update 784500/1000000, loss=0.006983
[panda train] update 785000/1000000, loss=0.009400
[panda train] update 785500/1000000, loss=0.007064
[panda train] update 786000/1000000, loss=0.010636
[panda train] update 786500/1000000, loss=0.006689
[panda train] update 787000/1000000, loss=0.010309
[panda train] update 787500/1000000, loss=0.008393
[panda train] update 788000/1000000, loss=0.009669
[panda train] update 788500/1000000, loss=0.008305
[panda train] update 789000/1000000, loss=0.007778
[panda train] update 789500/1000000, loss=0.011890
[panda train] update 790000/1000000, loss=0.009317
[panda train] update 790500/1000000, loss=0.007822
[panda train] update 791000/1000000, loss=0.008605
[panda train] update 791500/1000000, loss=0.012038
[panda train] update 792000/1000000, loss=0.010704
[panda train] update 792500/1000000, loss=0.008741
[panda train] update 793000/1000000, loss=0.011975
[panda train] update 793500/1000000, loss=0.009567
[panda train] update 794000/1000000, loss=0.009889
[panda train] update 794500/1000000, loss=0.011486
[panda train] update 795000/1000000, loss=0.008701
[panda train] update 795500/1000000, loss=0.010300
[panda train] update 796000/1000000, loss=0.009617
[panda train] update 796500/1000000, loss=0.007179
[panda train] update 797000/1000000, loss=0.009536
[panda train] update 797500/1000000, loss=0.008678
[panda train] update 798000/1000000, loss=0.007399
[panda train] update 798500/1000000, loss=0.012629
[panda train] update 799000/1000000, loss=0.010366
[panda train] update 799500/1000000, loss=0.010227
[panda train] update 800000/1000000, loss=0.009848
[panda train] update 800500/1000000, loss=0.006730
[panda train] update 801000/1000000, loss=0.008070
[panda train] update 801500/1000000, loss=0.010952
[panda train] update 802000/1000000, loss=0.008072
[panda train] update 802500/1000000, loss=0.009872
[panda train] update 803000/1000000, loss=0.009568
[panda train] update 803500/1000000, loss=0.010540
[panda train] update 804000/1000000, loss=0.011089
[panda train] update 804500/1000000, loss=0.011346
[panda train] update 805000/1000000, loss=0.008650
[panda train] update 805500/1000000, loss=0.011423
[panda train] update 806000/1000000, loss=0.009607
[panda train] update 806500/1000000, loss=0.007613
[panda train] update 807000/1000000, loss=0.010334
[panda train] update 807500/1000000, loss=0.012558
[panda train] update 808000/1000000, loss=0.011389
[panda train] update 808500/1000000, loss=0.006781
[panda train] update 809000/1000000, loss=0.010412
[panda train] update 809500/1000000, loss=0.011975
[panda train] update 810000/1000000, loss=0.011570
[panda train] update 810500/1000000, loss=0.015274
[panda train] update 811000/1000000, loss=0.013295
[panda train] update 811500/1000000, loss=0.008934
[panda train] update 812000/1000000, loss=0.013319
[panda train] update 812500/1000000, loss=0.011158
[panda train] update 813000/1000000, loss=0.007574
[panda train] update 813500/1000000, loss=0.008781
[panda train] update 814000/1000000, loss=0.009051
[panda train] update 814500/1000000, loss=0.013432
[panda train] update 815000/1000000, loss=0.009054
[panda train] update 815500/1000000, loss=0.012228
[panda train] update 816000/1000000, loss=0.007269
[panda train] update 816500/1000000, loss=0.009103
[panda train] update 817000/1000000, loss=0.010838
[panda train] update 817500/1000000, loss=0.006425
[panda train] update 818000/1000000, loss=0.010529
[panda train] update 818500/1000000, loss=0.011015
[panda train] update 819000/1000000, loss=0.009751
[panda train] update 819500/1000000, loss=0.008278
[panda train] update 820000/1000000, loss=0.010474
[panda train] update 820500/1000000, loss=0.012185
[panda train] update 821000/1000000, loss=0.005591
[panda train] update 821500/1000000, loss=0.008996
[panda train] update 822000/1000000, loss=0.010585
[panda train] update 822500/1000000, loss=0.009310
[panda train] update 823000/1000000, loss=0.010060
[panda train] update 823500/1000000, loss=0.010361
[panda train] update 824000/1000000, loss=0.008670
[panda train] update 824500/1000000, loss=0.009802
[panda train] update 825000/1000000, loss=0.009544
[panda train] update 825500/1000000, loss=0.012732
[panda train] update 826000/1000000, loss=0.007604
[panda train] update 826500/1000000, loss=0.011325
[panda train] update 827000/1000000, loss=0.007845
[panda train] update 827500/1000000, loss=0.007188
[panda train] update 828000/1000000, loss=0.008031
[panda train] update 828500/1000000, loss=0.009585
[panda train] update 829000/1000000, loss=0.011668
[panda train] update 829500/1000000, loss=0.009084
[panda train] update 830000/1000000, loss=0.007045
[panda train] update 830500/1000000, loss=0.012365
[panda train] update 831000/1000000, loss=0.010655
[panda train] update 831500/1000000, loss=0.009680
[panda train] update 832000/1000000, loss=0.008190
[panda train] update 832500/1000000, loss=0.008931
[panda train] update 833000/1000000, loss=0.006487
[panda train] update 833500/1000000, loss=0.009429
[panda train] update 834000/1000000, loss=0.007729
[panda train] update 834500/1000000, loss=0.009445
[panda train] update 835000/1000000, loss=0.011556
[panda train] update 835500/1000000, loss=0.010129
[panda train] update 836000/1000000, loss=0.010926
[panda train] update 836500/1000000, loss=0.007765
[panda train] update 837000/1000000, loss=0.010727
[panda train] update 837500/1000000, loss=0.011162
[panda train] update 838000/1000000, loss=0.007625
[panda train] update 838500/1000000, loss=0.008622
[panda train] update 839000/1000000, loss=0.010299
[panda train] update 839500/1000000, loss=0.005765
[panda train] update 840000/1000000, loss=0.009650
[panda train] update 840500/1000000, loss=0.010528
[panda train] update 841000/1000000, loss=0.008201
[panda train] update 841500/1000000, loss=0.008657
[panda train] update 842000/1000000, loss=0.006460
[panda train] update 842500/1000000, loss=0.007162
[panda train] update 843000/1000000, loss=0.007681
[panda train] update 843500/1000000, loss=0.009447
[panda train] update 844000/1000000, loss=0.010490
[panda train] update 844500/1000000, loss=0.006577
[panda train] update 845000/1000000, loss=0.009759
[panda train] update 845500/1000000, loss=0.009182
[panda train] update 846000/1000000, loss=0.008598
[panda train] update 846500/1000000, loss=0.010207
[panda train] update 847000/1000000, loss=0.011146
[panda train] update 847500/1000000, loss=0.007293
[panda train] update 848000/1000000, loss=0.010368
[panda train] update 848500/1000000, loss=0.009750
[panda train] update 849000/1000000, loss=0.008047
[panda train] update 849500/1000000, loss=0.010998
[panda train] update 850000/1000000, loss=0.008170
[panda train] update 850500/1000000, loss=0.007665
[panda train] update 851000/1000000, loss=0.010688
[panda train] update 851500/1000000, loss=0.009324
[panda train] update 852000/1000000, loss=0.009268
[panda train] update 852500/1000000, loss=0.011829
[panda train] update 853000/1000000, loss=0.009337
[panda train] update 853500/1000000, loss=0.009224
[panda train] update 854000/1000000, loss=0.009695
[panda train] update 854500/1000000, loss=0.011053
[panda train] update 855000/1000000, loss=0.009570
[panda train] update 855500/1000000, loss=0.008683
[panda train] update 856000/1000000, loss=0.007622
[panda train] update 856500/1000000, loss=0.009020
[panda train] update 857000/1000000, loss=0.008225
[panda train] update 857500/1000000, loss=0.011382
[panda train] update 858000/1000000, loss=0.009069
[panda train] update 858500/1000000, loss=0.006612
[panda train] update 859000/1000000, loss=0.009733
[panda train] update 859500/1000000, loss=0.008031
[panda train] update 860000/1000000, loss=0.010825
[panda train] update 860500/1000000, loss=0.008993
[panda train] update 861000/1000000, loss=0.008370
[panda train] update 861500/1000000, loss=0.006361
[panda train] update 862000/1000000, loss=0.007270
[panda train] update 862500/1000000, loss=0.010137
[panda train] update 863000/1000000, loss=0.008271
[panda train] update 863500/1000000, loss=0.012486
[panda train] update 864000/1000000, loss=0.008119
[panda train] update 864500/1000000, loss=0.009919
[panda train] update 865000/1000000, loss=0.007879
[panda train] update 865500/1000000, loss=0.007648
[panda train] update 866000/1000000, loss=0.008671
[panda train] update 866500/1000000, loss=0.006236
[panda train] update 867000/1000000, loss=0.008574
[panda train] update 867500/1000000, loss=0.005816
[panda train] update 868000/1000000, loss=0.009705
[panda train] update 868500/1000000, loss=0.010299
[panda train] update 869000/1000000, loss=0.012374
[panda train] update 869500/1000000, loss=0.008822
[panda train] update 870000/1000000, loss=0.005593
[panda train] update 870500/1000000, loss=0.012564
[panda train] update 871000/1000000, loss=0.013200
[panda train] update 871500/1000000, loss=0.008615
[panda train] update 872000/1000000, loss=0.007681
[panda train] update 872500/1000000, loss=0.010002
[panda train] update 873000/1000000, loss=0.008791
[panda train] update 873500/1000000, loss=0.012427
[panda train] update 874000/1000000, loss=0.011471
[panda train] update 874500/1000000, loss=0.007219
[panda train] update 875000/1000000, loss=0.014262
[panda train] update 875500/1000000, loss=0.007843
[panda train] update 876000/1000000, loss=0.007117
[panda train] update 876500/1000000, loss=0.010450
[panda train] update 877000/1000000, loss=0.008235
[panda train] update 877500/1000000, loss=0.010494
[panda train] update 878000/1000000, loss=0.008171
[panda train] update 878500/1000000, loss=0.010394
[panda train] update 879000/1000000, loss=0.013591
[panda train] update 879500/1000000, loss=0.008765
[panda train] update 880000/1000000, loss=0.011038
[panda train] update 880500/1000000, loss=0.005526
[panda train] update 881000/1000000, loss=0.009572
[panda train] update 881500/1000000, loss=0.010424
[panda train] update 882000/1000000, loss=0.005910
[panda train] update 882500/1000000, loss=0.012455
[panda train] update 883000/1000000, loss=0.009695
[panda train] update 883500/1000000, loss=0.008803
[panda train] update 884000/1000000, loss=0.010804
[panda train] update 884500/1000000, loss=0.012412
[panda train] update 885000/1000000, loss=0.011461
[panda train] update 885500/1000000, loss=0.005960
[panda train] update 886000/1000000, loss=0.010717
[panda train] update 886500/1000000, loss=0.005791
[panda train] update 887000/1000000, loss=0.009056
[panda train] update 887500/1000000, loss=0.005831
[panda train] update 888000/1000000, loss=0.009165
[panda train] update 888500/1000000, loss=0.009579
[panda train] update 889000/1000000, loss=0.006736
[panda train] update 889500/1000000, loss=0.011691
[panda train] update 890000/1000000, loss=0.010766
[panda train] update 890500/1000000, loss=0.011042
[panda train] update 891000/1000000, loss=0.008402
[panda train] update 891500/1000000, loss=0.007182
[panda train] update 892000/1000000, loss=0.008934
[panda train] update 892500/1000000, loss=0.009668
[panda train] update 893000/1000000, loss=0.007857
[panda train] update 893500/1000000, loss=0.007959
[panda train] update 894000/1000000, loss=0.010942
[panda train] update 894500/1000000, loss=0.011097
[panda train] update 895000/1000000, loss=0.010086
[panda train] update 895500/1000000, loss=0.011095
[panda train] update 896000/1000000, loss=0.006181
[panda train] update 896500/1000000, loss=0.007487
[panda train] update 897000/1000000, loss=0.008387
[panda train] update 897500/1000000, loss=0.009217
[panda train] update 898000/1000000, loss=0.011818
[panda train] update 898500/1000000, loss=0.009022
[panda train] update 899000/1000000, loss=0.008586
[panda train] update 899500/1000000, loss=0.011147
[panda train] update 900000/1000000, loss=0.010234
[panda train] update 900500/1000000, loss=0.006798
[panda train] update 901000/1000000, loss=0.006899
[panda train] update 901500/1000000, loss=0.007462
[panda train] update 902000/1000000, loss=0.005499
[panda train] update 902500/1000000, loss=0.007581
[panda train] update 903000/1000000, loss=0.010622
[panda train] update 903500/1000000, loss=0.008192
[panda train] update 904000/1000000, loss=0.006936
[panda train] update 904500/1000000, loss=0.008460
[panda train] update 905000/1000000, loss=0.008756
[panda train] update 905500/1000000, loss=0.012050
[panda train] update 906000/1000000, loss=0.009813
[panda train] update 906500/1000000, loss=0.004892
[panda train] update 907000/1000000, loss=0.007746
[panda train] update 907500/1000000, loss=0.007995
[panda train] update 908000/1000000, loss=0.009769
[panda train] update 908500/1000000, loss=0.010347
[panda train] update 909000/1000000, loss=0.006582
[panda train] update 909500/1000000, loss=0.011720
[panda train] update 910000/1000000, loss=0.008968
[panda train] update 910500/1000000, loss=0.007870
[panda train] update 911000/1000000, loss=0.007948
[panda train] update 911500/1000000, loss=0.006667
[panda train] update 912000/1000000, loss=0.008965
[panda train] update 912500/1000000, loss=0.009275
[panda train] update 913000/1000000, loss=0.007777
[panda train] update 913500/1000000, loss=0.008103
[panda train] update 914000/1000000, loss=0.010247
[panda train] update 914500/1000000, loss=0.013541
[panda train] update 915000/1000000, loss=0.007498
[panda train] update 915500/1000000, loss=0.011195
[panda train] update 916000/1000000, loss=0.007316
[panda train] update 916500/1000000, loss=0.008378
[panda train] update 917000/1000000, loss=0.009602
[panda train] update 917500/1000000, loss=0.007008
[panda train] update 918000/1000000, loss=0.009392
[panda train] update 918500/1000000, loss=0.009401
[panda train] update 919000/1000000, loss=0.009385
[panda train] update 919500/1000000, loss=0.008694
[panda train] update 920000/1000000, loss=0.012070
[panda train] update 920500/1000000, loss=0.006591
[panda train] update 921000/1000000, loss=0.010285
[panda train] update 921500/1000000, loss=0.007831
[panda train] update 922000/1000000, loss=0.012199
[panda train] update 922500/1000000, loss=0.007568
[panda train] update 923000/1000000, loss=0.008999
[panda train] update 923500/1000000, loss=0.013526
[panda train] update 924000/1000000, loss=0.005199
[panda train] update 924500/1000000, loss=0.006709
[panda train] update 925000/1000000, loss=0.010897
[panda train] update 925500/1000000, loss=0.006671
[panda train] update 926000/1000000, loss=0.010037
[panda train] update 926500/1000000, loss=0.006580
[panda train] update 927000/1000000, loss=0.009092
[panda train] update 927500/1000000, loss=0.006437
[panda train] update 928000/1000000, loss=0.006539
[panda train] update 928500/1000000, loss=0.008645
[panda train] update 929000/1000000, loss=0.008059
[panda train] update 929500/1000000, loss=0.007292
[panda train] update 930000/1000000, loss=0.007478
[panda train] update 930500/1000000, loss=0.008673
[panda train] update 931000/1000000, loss=0.008799
[panda train] update 931500/1000000, loss=0.007807
[panda train] update 932000/1000000, loss=0.008995
[panda train] update 932500/1000000, loss=0.009500
[panda train] update 933000/1000000, loss=0.007639
[panda train] update 933500/1000000, loss=0.011515
[panda train] update 934000/1000000, loss=0.007692
[panda train] update 934500/1000000, loss=0.006302
[panda train] update 935000/1000000, loss=0.007494
[panda train] update 935500/1000000, loss=0.007226
[panda train] update 936000/1000000, loss=0.010917
[panda train] update 936500/1000000, loss=0.006522
[panda train] update 937000/1000000, loss=0.008849
[panda train] update 937500/1000000, loss=0.007831
[panda train] update 938000/1000000, loss=0.009592
[panda train] update 938500/1000000, loss=0.006854
[panda train] update 939000/1000000, loss=0.009789
[panda train] update 939500/1000000, loss=0.010803
[panda train] update 940000/1000000, loss=0.006133
[panda train] update 940500/1000000, loss=0.009658
[panda train] update 941000/1000000, loss=0.009732
[panda train] update 941500/1000000, loss=0.006483
[panda train] update 942000/1000000, loss=0.008034
[panda train] update 942500/1000000, loss=0.005848
[panda train] update 943000/1000000, loss=0.007476
[panda train] update 943500/1000000, loss=0.009118
[panda train] update 944000/1000000, loss=0.011042
[panda train] update 944500/1000000, loss=0.010723
[panda train] update 945000/1000000, loss=0.010210
[panda train] update 945500/1000000, loss=0.008868
[panda train] update 946000/1000000, loss=0.009672
[panda train] update 946500/1000000, loss=0.010779
[panda train] update 947000/1000000, loss=0.011736
[panda train] update 947500/1000000, loss=0.006593
[panda train] update 948000/1000000, loss=0.009284
[panda train] update 948500/1000000, loss=0.009560
[panda train] update 949000/1000000, loss=0.010454
[panda train] update 949500/1000000, loss=0.009558
[panda train] update 950000/1000000, loss=0.009655
[panda train] update 950500/1000000, loss=0.008187
[panda train] update 951000/1000000, loss=0.007290
[panda train] update 951500/1000000, loss=0.008997
[panda train] update 952000/1000000, loss=0.009370
[panda train] update 952500/1000000, loss=0.007052
[panda train] update 953000/1000000, loss=0.008443
[panda train] update 953500/1000000, loss=0.009855
[panda train] update 954000/1000000, loss=0.007699
[panda train] update 954500/1000000, loss=0.010171
[panda train] update 955000/1000000, loss=0.010965
[panda train] update 955500/1000000, loss=0.008079
[panda train] update 956000/1000000, loss=0.009920
[panda train] update 956500/1000000, loss=0.008867
[panda train] update 957000/1000000, loss=0.007770
[panda train] update 957500/1000000, loss=0.006961
[panda train] update 958000/1000000, loss=0.008975
[panda train] update 958500/1000000, loss=0.009062
[panda train] update 959000/1000000, loss=0.006802
[panda train] update 959500/1000000, loss=0.009280
[panda train] update 960000/1000000, loss=0.011652
[panda train] update 960500/1000000, loss=0.010355
[panda train] update 961000/1000000, loss=0.008255
[panda train] update 961500/1000000, loss=0.007122
[panda train] update 962000/1000000, loss=0.009568
[panda train] update 962500/1000000, loss=0.008937
[panda train] update 963000/1000000, loss=0.007187
[panda train] update 963500/1000000, loss=0.009950
[panda train] update 964000/1000000, loss=0.009349
[panda train] update 964500/1000000, loss=0.010892
[panda train] update 965000/1000000, loss=0.008009
[panda train] update 965500/1000000, loss=0.010837
[panda train] update 966000/1000000, loss=0.011426
[panda train] update 966500/1000000, loss=0.009030
[panda train] update 967000/1000000, loss=0.008285
[panda train] update 967500/1000000, loss=0.013048
[panda train] update 968000/1000000, loss=0.007210
[panda train] update 968500/1000000, loss=0.009261
[panda train] update 969000/1000000, loss=0.008763
[panda train] update 969500/1000000, loss=0.011704
[panda train] update 970000/1000000, loss=0.010099
[panda train] update 970500/1000000, loss=0.009233
[panda train] update 971000/1000000, loss=0.007554
[panda train] update 971500/1000000, loss=0.006138
[panda train] update 972000/1000000, loss=0.007673
[panda train] update 972500/1000000, loss=0.010189
[panda train] update 973000/1000000, loss=0.009047
[panda train] update 973500/1000000, loss=0.008990
[panda train] update 974000/1000000, loss=0.009921
[panda train] update 974500/1000000, loss=0.010063
[panda train] update 975000/1000000, loss=0.010138
[panda train] update 975500/1000000, loss=0.007479
[panda train] update 976000/1000000, loss=0.009518
[panda train] update 976500/1000000, loss=0.010211
[panda train] update 977000/1000000, loss=0.006128
[panda train] update 977500/1000000, loss=0.007401
[panda train] update 978000/1000000, loss=0.010780
[panda train] update 978500/1000000, loss=0.007545
[panda train] update 979000/1000000, loss=0.010074
[panda train] update 979500/1000000, loss=0.005267
[panda train] update 980000/1000000, loss=0.008357
[panda train] update 980500/1000000, loss=0.011002
[panda train] update 981000/1000000, loss=0.008563
[panda train] update 981500/1000000, loss=0.009983
[panda train] update 982000/1000000, loss=0.006809
[panda train] update 982500/1000000, loss=0.011244
[panda train] update 983000/1000000, loss=0.009922
[panda train] update 983500/1000000, loss=0.007585
[panda train] update 984000/1000000, loss=0.008229
[panda train] update 984500/1000000, loss=0.012101
[panda train] update 985000/1000000, loss=0.014069
[panda train] update 985500/1000000, loss=0.009892
[panda train] update 986000/1000000, loss=0.007453
[panda train] update 986500/1000000, loss=0.007444
[panda train] update 987000/1000000, loss=0.008997
[panda train] update 987500/1000000, loss=0.008626
[panda train] update 988000/1000000, loss=0.010685
[panda train] update 988500/1000000, loss=0.011232
[panda train] update 989000/1000000, loss=0.012747
[panda train] update 989500/1000000, loss=0.008440
[panda train] update 990000/1000000, loss=0.011004
[panda train] update 990500/1000000, loss=0.010621
[panda train] update 991000/1000000, loss=0.009469
[panda train] update 991500/1000000, loss=0.009645
[panda train] update 992000/1000000, loss=0.011056
[panda train] update 992500/1000000, loss=0.009177
[panda train] update 993000/1000000, loss=0.006679
[panda train] update 993500/1000000, loss=0.007961
[panda train] update 994000/1000000, loss=0.010200
[panda train] update 994500/1000000, loss=0.009007
[panda train] update 995000/1000000, loss=0.006802
[panda train] update 995500/1000000, loss=0.009080
[panda train] update 996000/1000000, loss=0.010452
[panda train] update 996500/1000000, loss=0.009800
[panda train] update 997000/1000000, loss=0.007138
[panda train] update 997500/1000000, loss=0.007430
[panda train] update 998000/1000000, loss=0.007468
[panda train] update 998500/1000000, loss=0.007020
[panda train] update 999000/1000000, loss=0.010864
[panda train] update 999500/1000000, loss=0.011204
[panda train] update 1000000/1000000, loss=0.009160
[eval] target=-0.001 -> score=-1.051 (task_seed=10000)
[eval] target=-0.236 -> score=-0.975 (task_seed=10000)
[eval] target=-0.436 -> score=-0.971 (task_seed=10000)
[eval] target=-0.937 -> score=-0.937 (task_seed=10000)
[eval] target=0.000 -> score=-1.039 (task_seed=10000)
[eval] best sweep target=-0.937 -> score=-0.937
[eval] Single-task Panda DT on PandaPush: -0.937 (task_seed=10000)

==============================
[Panda Single-task 3/3] PandaReach
==============================
[task-seed] PandaReach: task_seed=20000 (global_seed=0)
[task] env=PandaReachDense-v3 dataset=/net/scratch/hscra/plgrid/plgdomin088/datasets/panda_expert/panda_reach_dense_1m_expert.pkl
[dataset] obs_keys=['observation', 'achieved_goal', 'desired_goal']
[env] use_time_feature=True
[dataset] using seq_len=5
[dataset] n_trajs=370669 total_transitions=1000000 traj_len mean=2.70 min=1 max=5 p50=3 p90=4
[dataset] obs_dim=13, act_dim=3
[dataset] return mean=-0.208 min=-0.633 max=-0.000
[dataset] computed obs_mean/std (std min=0.018269, max=0.674532)
[dataset] rtg_scale=1000.000000
[eval] selected target_return=-0.000320 (max)
[dataset] using max_ep_len=50
[train] optimizer_updates=1000000 approx_updates_per_epoch=7813 approx_epochs=127.99
[model] d_model=128 n_layers=3 n_heads=1 seq_len=5 max_ep_len=50 rtg_scale=1000.0
DTBackbone config: DTConfig(n_layer=3, n_head=1, n_embd=128, dropout=0.1, bias=False, K=5, max_ep_len=50, state_dim=128, act_discrete=False, act_vocab_size=1, act_dim=3, act_tanh=False, tanh_embeddings=False)
DTBackbone parameters: 0.61M
[panda train] update 1/1000000, loss=0.580511
[panda train] update 500/1000000, loss=0.022959
[panda train] update 1000/1000000, loss=0.013907
[panda train] update 1500/1000000, loss=0.010828
[panda train] update 2000/1000000, loss=0.008939
[panda train] update 2500/1000000, loss=0.012621
[panda train] update 3000/1000000, loss=0.007414
[panda train] update 3500/1000000, loss=0.006802
[panda train] update 4000/1000000, loss=0.005842
[panda train] update 4500/1000000, loss=0.004490
[panda train] update 5000/1000000, loss=0.005806
[panda train] update 5500/1000000, loss=0.005183
[panda train] update 6000/1000000, loss=0.004048
[panda train] update 6500/1000000, loss=0.004224
[panda train] update 7000/1000000, loss=0.004185
[panda train] update 7500/1000000, loss=0.003680
[panda train] update 8000/1000000, loss=0.003866
[panda train] update 8500/1000000, loss=0.004946
[panda train] update 9000/1000000, loss=0.004473
[panda train] update 9500/1000000, loss=0.003814
[panda train] update 10000/1000000, loss=0.003112
[panda train] update 10500/1000000, loss=0.003359
[panda train] update 11000/1000000, loss=0.003064
[panda train] update 11500/1000000, loss=0.002625
[panda train] update 12000/1000000, loss=0.003493
[panda train] update 12500/1000000, loss=0.002750
[panda train] update 13000/1000000, loss=0.002734
[panda train] update 13500/1000000, loss=0.003012
[panda train] update 14000/1000000, loss=0.002661
[panda train] update 14500/1000000, loss=0.002519
[panda train] update 15000/1000000, loss=0.002554
[panda train] update 15500/1000000, loss=0.003070
[panda train] update 16000/1000000, loss=0.002763
[panda train] update 16500/1000000, loss=0.002588
[panda train] update 17000/1000000, loss=0.002400
[panda train] update 17500/1000000, loss=0.002615
[panda train] update 18000/1000000, loss=0.002787
[panda train] update 18500/1000000, loss=0.002115
[panda train] update 19000/1000000, loss=0.002790
[panda train] update 19500/1000000, loss=0.002012
[panda train] update 20000/1000000, loss=0.002559
[panda train] update 20500/1000000, loss=0.002404
[panda train] update 21000/1000000, loss=0.002210
[panda train] update 21500/1000000, loss=0.002011
[panda train] update 22000/1000000, loss=0.002049
[panda train] update 22500/1000000, loss=0.002887
[panda train] update 23000/1000000, loss=0.002480
[panda train] update 23500/1000000, loss=0.001782
[panda train] update 24000/1000000, loss=0.002247
[panda train] update 24500/1000000, loss=0.002207
[panda train] update 25000/1000000, loss=0.001960
[panda train] update 25500/1000000, loss=0.002116
[panda train] update 26000/1000000, loss=0.001531
[panda train] update 26500/1000000, loss=0.001803
[panda train] update 27000/1000000, loss=0.001757
[panda train] update 27500/1000000, loss=0.001862
[panda train] update 28000/1000000, loss=0.001832
[panda train] update 28500/1000000, loss=0.001664
[panda train] update 29000/1000000, loss=0.001807
[panda train] update 29500/1000000, loss=0.001829
[panda train] update 30000/1000000, loss=0.001705
[panda train] update 30500/1000000, loss=0.001894
[panda train] update 31000/1000000, loss=0.001504
[panda train] update 31500/1000000, loss=0.001717
[panda train] update 32000/1000000, loss=0.001543
[panda train] update 32500/1000000, loss=0.001604
[panda train] update 33000/1000000, loss=0.001592
[panda train] update 33500/1000000, loss=0.001370
[panda train] update 34000/1000000, loss=0.001701
[panda train] update 34500/1000000, loss=0.001674
[panda train] update 35000/1000000, loss=0.001255
[panda train] update 35500/1000000, loss=0.001246
[panda train] update 36000/1000000, loss=0.001588
[panda train] update 36500/1000000, loss=0.001413
[panda train] update 37000/1000000, loss=0.001583
[panda train] update 37500/1000000, loss=0.001529
[panda train] update 38000/1000000, loss=0.001583
[panda train] update 38500/1000000, loss=0.001412
[panda train] update 39000/1000000, loss=0.001301
[panda train] update 39500/1000000, loss=0.001304
[panda train] update 40000/1000000, loss=0.001520
[panda train] update 40500/1000000, loss=0.002104
[panda train] update 41000/1000000, loss=0.001639
[panda train] update 41500/1000000, loss=0.001703
[panda train] update 42000/1000000, loss=0.001281
[panda train] update 42500/1000000, loss=0.001090
[panda train] update 43000/1000000, loss=0.001503
[panda train] update 43500/1000000, loss=0.001321
[panda train] update 44000/1000000, loss=0.001382
[panda train] update 44500/1000000, loss=0.001207
[panda train] update 45000/1000000, loss=0.001316
[panda train] update 45500/1000000, loss=0.001486
[panda train] update 46000/1000000, loss=0.001295
[panda train] update 46500/1000000, loss=0.001887
[panda train] update 47000/1000000, loss=0.001229
[panda train] update 47500/1000000, loss=0.001226
[panda train] update 48000/1000000, loss=0.001208
[panda train] update 48500/1000000, loss=0.001082
[panda train] update 49000/1000000, loss=0.001374
[panda train] update 49500/1000000, loss=0.001215
[panda train] update 50000/1000000, loss=0.001194
[panda train] update 50500/1000000, loss=0.001167
[panda train] update 51000/1000000, loss=0.001193
[panda train] update 51500/1000000, loss=0.001280
[panda train] update 52000/1000000, loss=0.001264
[panda train] update 52500/1000000, loss=0.001247
[panda train] update 53000/1000000, loss=0.001173
[panda train] update 53500/1000000, loss=0.001239
[panda train] update 54000/1000000, loss=0.001139
[panda train] update 54500/1000000, loss=0.001626
[panda train] update 55000/1000000, loss=0.001291
[panda train] update 55500/1000000, loss=0.000915
[panda train] update 56000/1000000, loss=0.001601
[panda train] update 56500/1000000, loss=0.001279
[panda train] update 57000/1000000, loss=0.001353
[panda train] update 57500/1000000, loss=0.001298
[panda train] update 58000/1000000, loss=0.001000
[panda train] update 58500/1000000, loss=0.001058
[panda train] update 59000/1000000, loss=0.001128
[panda train] update 59500/1000000, loss=0.001011
[panda train] update 60000/1000000, loss=0.001008
[panda train] update 60500/1000000, loss=0.001044
[panda train] update 61000/1000000, loss=0.001304
[panda train] update 61500/1000000, loss=0.001008
[panda train] update 62000/1000000, loss=0.001262
[panda train] update 62500/1000000, loss=0.001091
[panda train] update 63000/1000000, loss=0.001135
[panda train] update 63500/1000000, loss=0.000993
[panda train] update 64000/1000000, loss=0.001085
[panda train] update 64500/1000000, loss=0.001143
[panda train] update 65000/1000000, loss=0.000939
[panda train] update 65500/1000000, loss=0.001045
[panda train] update 66000/1000000, loss=0.000978
[panda train] update 66500/1000000, loss=0.001108
[panda train] update 67000/1000000, loss=0.001059
[panda train] update 67500/1000000, loss=0.001627
[panda train] update 68000/1000000, loss=0.001243
[panda train] update 68500/1000000, loss=0.001164
[panda train] update 69000/1000000, loss=0.000856
[panda train] update 69500/1000000, loss=0.000888
[panda train] update 70000/1000000, loss=0.001387
[panda train] update 70500/1000000, loss=0.000999
[panda train] update 71000/1000000, loss=0.001011
[panda train] update 71500/1000000, loss=0.001057
[panda train] update 72000/1000000, loss=0.000896
[panda train] update 72500/1000000, loss=0.000928
[panda train] update 73000/1000000, loss=0.000829
[panda train] update 73500/1000000, loss=0.001239
[panda train] update 74000/1000000, loss=0.000930
[panda train] update 74500/1000000, loss=0.001168
[panda train] update 75000/1000000, loss=0.001215
[panda train] update 75500/1000000, loss=0.000924
[panda train] update 76000/1000000, loss=0.001128
[panda train] update 76500/1000000, loss=0.001273
[panda train] update 77000/1000000, loss=0.001033
[panda train] update 77500/1000000, loss=0.000979
[panda train] update 78000/1000000, loss=0.001009
[panda train] update 78500/1000000, loss=0.001090
[panda train] update 79000/1000000, loss=0.000944
[panda train] update 79500/1000000, loss=0.001372
[panda train] update 80000/1000000, loss=0.000912
[panda train] update 80500/1000000, loss=0.000859
[panda train] update 81000/1000000, loss=0.001216
[panda train] update 81500/1000000, loss=0.000991
[panda train] update 82000/1000000, loss=0.000805
[panda train] update 82500/1000000, loss=0.000971
[panda train] update 83000/1000000, loss=0.001009
[panda train] update 83500/1000000, loss=0.000964
[panda train] update 84000/1000000, loss=0.001141
[panda train] update 84500/1000000, loss=0.000986
[panda train] update 85000/1000000, loss=0.000895
[panda train] update 85500/1000000, loss=0.001047
[panda train] update 86000/1000000, loss=0.001014
[panda train] update 86500/1000000, loss=0.000911
[panda train] update 87000/1000000, loss=0.000812
[panda train] update 87500/1000000, loss=0.000909
[panda train] update 88000/1000000, loss=0.000933
[panda train] update 88500/1000000, loss=0.000904
[panda train] update 89000/1000000, loss=0.000966
[panda train] update 89500/1000000, loss=0.000796
[panda train] update 90000/1000000, loss=0.001026
[panda train] update 90500/1000000, loss=0.000980
[panda train] update 91000/1000000, loss=0.000898
[panda train] update 91500/1000000, loss=0.000754
[panda train] update 92000/1000000, loss=0.000917
[panda train] update 92500/1000000, loss=0.000971
[panda train] update 93000/1000000, loss=0.001158
[panda train] update 93500/1000000, loss=0.000984
[panda train] update 94000/1000000, loss=0.001093
[panda train] update 94500/1000000, loss=0.000967
[panda train] update 95000/1000000, loss=0.001077
[panda train] update 95500/1000000, loss=0.000808
[panda train] update 96000/1000000, loss=0.000975
[panda train] update 96500/1000000, loss=0.000781
[panda train] update 97000/1000000, loss=0.001327
[panda train] update 97500/1000000, loss=0.000928
[panda train] update 98000/1000000, loss=0.000853
[panda train] update 98500/1000000, loss=0.000835
[panda train] update 99000/1000000, loss=0.001024
[panda train] update 99500/1000000, loss=0.000918
[panda train] update 100000/1000000, loss=0.000786
[panda train] update 100500/1000000, loss=0.000911
[panda train] update 101000/1000000, loss=0.000755
[panda train] update 101500/1000000, loss=0.000884
[panda train] update 102000/1000000, loss=0.000842
[panda train] update 102500/1000000, loss=0.000880
[panda train] update 103000/1000000, loss=0.000819
[panda train] update 103500/1000000, loss=0.000702
[panda train] update 104000/1000000, loss=0.001027
[panda train] update 104500/1000000, loss=0.000744
[panda train] update 105000/1000000, loss=0.000756
[panda train] update 105500/1000000, loss=0.000648
[panda train] update 106000/1000000, loss=0.000877
[panda train] update 106500/1000000, loss=0.000867
[panda train] update 107000/1000000, loss=0.000837
[panda train] update 107500/1000000, loss=0.000738
[panda train] update 108000/1000000, loss=0.000774
[panda train] update 108500/1000000, loss=0.001228
[panda train] update 109000/1000000, loss=0.000767
[panda train] update 109500/1000000, loss=0.000838
[panda train] update 110000/1000000, loss=0.000805
[panda train] update 110500/1000000, loss=0.000959
[panda train] update 111000/1000000, loss=0.000840
[panda train] update 111500/1000000, loss=0.000885
[panda train] update 112000/1000000, loss=0.000780
[panda train] update 112500/1000000, loss=0.000851
[panda train] update 113000/1000000, loss=0.000810
[panda train] update 113500/1000000, loss=0.000872
[panda train] update 114000/1000000, loss=0.001003
[panda train] update 114500/1000000, loss=0.000870
[panda train] update 115000/1000000, loss=0.000817
[panda train] update 115500/1000000, loss=0.000870
[panda train] update 116000/1000000, loss=0.000886
[panda train] update 116500/1000000, loss=0.001031
[panda train] update 117000/1000000, loss=0.000722
[panda train] update 117500/1000000, loss=0.000670
[panda train] update 118000/1000000, loss=0.000825
[panda train] update 118500/1000000, loss=0.000797
[panda train] update 119000/1000000, loss=0.000703
[panda train] update 119500/1000000, loss=0.000769
[panda train] update 120000/1000000, loss=0.000721
[panda train] update 120500/1000000, loss=0.000886
[panda train] update 121000/1000000, loss=0.000928
[panda train] update 121500/1000000, loss=0.000842
[panda train] update 122000/1000000, loss=0.000664
[panda train] update 122500/1000000, loss=0.000812
[panda train] update 123000/1000000, loss=0.000948
[panda train] update 123500/1000000, loss=0.000638
[panda train] update 124000/1000000, loss=0.000675
[panda train] update 124500/1000000, loss=0.000801
[panda train] update 125000/1000000, loss=0.000726
[panda train] update 125500/1000000, loss=0.000786
[panda train] update 126000/1000000, loss=0.000724
[panda train] update 126500/1000000, loss=0.000764
[panda train] update 127000/1000000, loss=0.000880
[panda train] update 127500/1000000, loss=0.000660
[panda train] update 128000/1000000, loss=0.000868
[panda train] update 128500/1000000, loss=0.000777
[panda train] update 129000/1000000, loss=0.000856
[panda train] update 129500/1000000, loss=0.000755
[panda train] update 130000/1000000, loss=0.000992
[panda train] update 130500/1000000, loss=0.000670
[panda train] update 131000/1000000, loss=0.000745
[panda train] update 131500/1000000, loss=0.000952
[panda train] update 132000/1000000, loss=0.000786
[panda train] update 132500/1000000, loss=0.000681
[panda train] update 133000/1000000, loss=0.000751
[panda train] update 133500/1000000, loss=0.000753
[panda train] update 134000/1000000, loss=0.000675
[panda train] update 134500/1000000, loss=0.000800
[panda train] update 135000/1000000, loss=0.000617
[panda train] update 135500/1000000, loss=0.000694
[panda train] update 136000/1000000, loss=0.000777
[panda train] update 136500/1000000, loss=0.001012
[panda train] update 137000/1000000, loss=0.000778
[panda train] update 137500/1000000, loss=0.000711
[panda train] update 138000/1000000, loss=0.000721
[panda train] update 138500/1000000, loss=0.000658
[panda train] update 139000/1000000, loss=0.000760
[panda train] update 139500/1000000, loss=0.000743
[panda train] update 140000/1000000, loss=0.000786
[panda train] update 140500/1000000, loss=0.000740
[panda train] update 141000/1000000, loss=0.000736
[panda train] update 141500/1000000, loss=0.000809
[panda train] update 142000/1000000, loss=0.000657
[panda train] update 142500/1000000, loss=0.000720
[panda train] update 143000/1000000, loss=0.000912
[panda train] update 143500/1000000, loss=0.000712
[panda train] update 144000/1000000, loss=0.000801
[panda train] update 144500/1000000, loss=0.000703
[panda train] update 145000/1000000, loss=0.000864
[panda train] update 145500/1000000, loss=0.000986
[panda train] update 146000/1000000, loss=0.000589
[panda train] update 146500/1000000, loss=0.000830
[panda train] update 147000/1000000, loss=0.000739
[panda train] update 147500/1000000, loss=0.000751
[panda train] update 148000/1000000, loss=0.000617
[panda train] update 148500/1000000, loss=0.000651
[panda train] update 149000/1000000, loss=0.000787
[panda train] update 149500/1000000, loss=0.000592
[panda train] update 150000/1000000, loss=0.000615
[panda train] update 150500/1000000, loss=0.000698
[panda train] update 151000/1000000, loss=0.000779
[panda train] update 151500/1000000, loss=0.000787
[panda train] update 152000/1000000, loss=0.000602
[panda train] update 152500/1000000, loss=0.000629
[panda train] update 153000/1000000, loss=0.000693
[panda train] update 153500/1000000, loss=0.000812
[panda train] update 154000/1000000, loss=0.000706
[panda train] update 154500/1000000, loss=0.000671
[panda train] update 155000/1000000, loss=0.000579
[panda train] update 155500/1000000, loss=0.000648
[panda train] update 156000/1000000, loss=0.000625
[panda train] update 156500/1000000, loss=0.000704
[panda train] update 157000/1000000, loss=0.000714
[panda train] update 157500/1000000, loss=0.000704
[panda train] update 158000/1000000, loss=0.000701
[panda train] update 158500/1000000, loss=0.000580
[panda train] update 159000/1000000, loss=0.000652
[panda train] update 159500/1000000, loss=0.000730
[panda train] update 160000/1000000, loss=0.000709
[panda train] update 160500/1000000, loss=0.000801
[panda train] update 161000/1000000, loss=0.000612
[panda train] update 161500/1000000, loss=0.000806
[panda train] update 162000/1000000, loss=0.000753
[panda train] update 162500/1000000, loss=0.000767
[panda train] update 163000/1000000, loss=0.000547
[panda train] update 163500/1000000, loss=0.000706
[panda train] update 164000/1000000, loss=0.000659
[panda train] update 164500/1000000, loss=0.000670
[panda train] update 165000/1000000, loss=0.000682
[panda train] update 165500/1000000, loss=0.000594
[panda train] update 166000/1000000, loss=0.000606
[panda train] update 166500/1000000, loss=0.000666
[panda train] update 167000/1000000, loss=0.000721
[panda train] update 167500/1000000, loss=0.000801
[panda train] update 168000/1000000, loss=0.000660
[panda train] update 168500/1000000, loss=0.000942
[panda train] update 169000/1000000, loss=0.000640
[panda train] update 169500/1000000, loss=0.000585
[panda train] update 170000/1000000, loss=0.000690
[panda train] update 170500/1000000, loss=0.000598
[panda train] update 171000/1000000, loss=0.000660
[panda train] update 171500/1000000, loss=0.000800
[panda train] update 172000/1000000, loss=0.000670
[panda train] update 172500/1000000, loss=0.000599
[panda train] update 173000/1000000, loss=0.000540
[panda train] update 173500/1000000, loss=0.000643
[panda train] update 174000/1000000, loss=0.000551
[panda train] update 174500/1000000, loss=0.000680
[panda train] update 175000/1000000, loss=0.000512
[panda train] update 175500/1000000, loss=0.000575
[panda train] update 176000/1000000, loss=0.000709
[panda train] update 176500/1000000, loss=0.000598
[panda train] update 177000/1000000, loss=0.000831
[panda train] update 177500/1000000, loss=0.000652
[panda train] update 178000/1000000, loss=0.000595
[panda train] update 178500/1000000, loss=0.000640
[panda train] update 179000/1000000, loss=0.000651
[panda train] update 179500/1000000, loss=0.000780
[panda train] update 180000/1000000, loss=0.000646
[panda train] update 180500/1000000, loss=0.000580
[panda train] update 181000/1000000, loss=0.000624
[panda train] update 181500/1000000, loss=0.000575
[panda train] update 182000/1000000, loss=0.000721
[panda train] update 182500/1000000, loss=0.000822
[panda train] update 183000/1000000, loss=0.000564
[panda train] update 183500/1000000, loss=0.000503
[panda train] update 184000/1000000, loss=0.000547
[panda train] update 184500/1000000, loss=0.000687
[panda train] update 185000/1000000, loss=0.000615
[panda train] update 185500/1000000, loss=0.000625
[panda train] update 186000/1000000, loss=0.000557
[panda train] update 186500/1000000, loss=0.000613
[panda train] update 187000/1000000, loss=0.000712
[panda train] update 187500/1000000, loss=0.000806
[panda train] update 188000/1000000, loss=0.000649
[panda train] update 188500/1000000, loss=0.000646
[panda train] update 189000/1000000, loss=0.000582
[panda train] update 189500/1000000, loss=0.000527
[panda train] update 190000/1000000, loss=0.000551
[panda train] update 190500/1000000, loss=0.000536
[panda train] update 191000/1000000, loss=0.000614
[panda train] update 191500/1000000, loss=0.000553
[panda train] update 192000/1000000, loss=0.000605
[panda train] update 192500/1000000, loss=0.000696
[panda train] update 193000/1000000, loss=0.000622
[panda train] update 193500/1000000, loss=0.000627
[panda train] update 194000/1000000, loss=0.001033
[panda train] update 194500/1000000, loss=0.000591
[panda train] update 195000/1000000, loss=0.000560
[panda train] update 195500/1000000, loss=0.000625
[panda train] update 196000/1000000, loss=0.000723
[panda train] update 196500/1000000, loss=0.000601
[panda train] update 197000/1000000, loss=0.000640
[panda train] update 197500/1000000, loss=0.000691
[panda train] update 198000/1000000, loss=0.000792
[panda train] update 198500/1000000, loss=0.000759
[panda train] update 199000/1000000, loss=0.000578
[panda train] update 199500/1000000, loss=0.000531
[panda train] update 200000/1000000, loss=0.000465
[panda train] update 200500/1000000, loss=0.000596
[panda train] update 201000/1000000, loss=0.000645
[panda train] update 201500/1000000, loss=0.000540
[panda train] update 202000/1000000, loss=0.000548
[panda train] update 202500/1000000, loss=0.000661
[panda train] update 203000/1000000, loss=0.000598
[panda train] update 203500/1000000, loss=0.000598
[panda train] update 204000/1000000, loss=0.000592
[panda train] update 204500/1000000, loss=0.000545
[panda train] update 205000/1000000, loss=0.000544
[panda train] update 205500/1000000, loss=0.000517
[panda train] update 206000/1000000, loss=0.000847
[panda train] update 206500/1000000, loss=0.000611
[panda train] update 207000/1000000, loss=0.000651
[panda train] update 207500/1000000, loss=0.000598
[panda train] update 208000/1000000, loss=0.000465
[panda train] update 208500/1000000, loss=0.000472
[panda train] update 209000/1000000, loss=0.000679
[panda train] update 209500/1000000, loss=0.000634
[panda train] update 210000/1000000, loss=0.000475
[panda train] update 210500/1000000, loss=0.000517
[panda train] update 211000/1000000, loss=0.000562
[panda train] update 211500/1000000, loss=0.000566
[panda train] update 212000/1000000, loss=0.000699
[panda train] update 212500/1000000, loss=0.000602
[panda train] update 213000/1000000, loss=0.000461
[panda train] update 213500/1000000, loss=0.000555
[panda train] update 214000/1000000, loss=0.000543
[panda train] update 214500/1000000, loss=0.000549
[panda train] update 215000/1000000, loss=0.000587
[panda train] update 215500/1000000, loss=0.000603
[panda train] update 216000/1000000, loss=0.000670
[panda train] update 216500/1000000, loss=0.000534
[panda train] update 217000/1000000, loss=0.000562
[panda train] update 217500/1000000, loss=0.000591
[panda train] update 218000/1000000, loss=0.000653
[panda train] update 218500/1000000, loss=0.000550
[panda train] update 219000/1000000, loss=0.000473
[panda train] update 219500/1000000, loss=0.000640
[panda train] update 220000/1000000, loss=0.000503
[panda train] update 220500/1000000, loss=0.000505
[panda train] update 221000/1000000, loss=0.000499
[panda train] update 221500/1000000, loss=0.000584
[panda train] update 222000/1000000, loss=0.000507
[panda train] update 222500/1000000, loss=0.000408
[panda train] update 223000/1000000, loss=0.000555
[panda train] update 223500/1000000, loss=0.000489
[panda train] update 224000/1000000, loss=0.000707
[panda train] update 224500/1000000, loss=0.000485
[panda train] update 225000/1000000, loss=0.000504
[panda train] update 225500/1000000, loss=0.000559
[panda train] update 226000/1000000, loss=0.000502
[panda train] update 226500/1000000, loss=0.000607
[panda train] update 227000/1000000, loss=0.000569
[panda train] update 227500/1000000, loss=0.000570
[panda train] update 228000/1000000, loss=0.000449
[panda train] update 228500/1000000, loss=0.000558
[panda train] update 229000/1000000, loss=0.000515
[panda train] update 229500/1000000, loss=0.000616
[panda train] update 230000/1000000, loss=0.000523
[panda train] update 230500/1000000, loss=0.000550
[panda train] update 231000/1000000, loss=0.000661
[panda train] update 231500/1000000, loss=0.000680
[panda train] update 232000/1000000, loss=0.000649
[panda train] update 232500/1000000, loss=0.000493
[panda train] update 233000/1000000, loss=0.000494
[panda train] update 233500/1000000, loss=0.000568
[panda train] update 234000/1000000, loss=0.000538
[panda train] update 234500/1000000, loss=0.000537
[panda train] update 235000/1000000, loss=0.000578
[panda train] update 235500/1000000, loss=0.000570
[panda train] update 236000/1000000, loss=0.000522
[panda train] update 236500/1000000, loss=0.000539
[panda train] update 237000/1000000, loss=0.000500
[panda train] update 237500/1000000, loss=0.000471
[panda train] update 238000/1000000, loss=0.000505
[panda train] update 238500/1000000, loss=0.000462
[panda train] update 239000/1000000, loss=0.000612
[panda train] update 239500/1000000, loss=0.000434
[panda train] update 240000/1000000, loss=0.000603
[panda train] update 240500/1000000, loss=0.000551
[panda train] update 241000/1000000, loss=0.000569
[panda train] update 241500/1000000, loss=0.000579
[panda train] update 242000/1000000, loss=0.000553
[panda train] update 242500/1000000, loss=0.000602
[panda train] update 243000/1000000, loss=0.000571
[panda train] update 243500/1000000, loss=0.000521
[panda train] update 244000/1000000, loss=0.000468
[panda train] update 244500/1000000, loss=0.000604
[panda train] update 245000/1000000, loss=0.000487
[panda train] update 245500/1000000, loss=0.000496
[panda train] update 246000/1000000, loss=0.000581
[panda train] update 246500/1000000, loss=0.000492
[panda train] update 247000/1000000, loss=0.000461
[panda train] update 247500/1000000, loss=0.000484
[panda train] update 248000/1000000, loss=0.000532
[panda train] update 248500/1000000, loss=0.000570
[panda train] update 249000/1000000, loss=0.000410
[panda train] update 249500/1000000, loss=0.000491
[panda train] update 250000/1000000, loss=0.000530
[panda train] update 250500/1000000, loss=0.000463
[panda train] update 251000/1000000, loss=0.000456
[panda train] update 251500/1000000, loss=0.000457
[panda train] update 252000/1000000, loss=0.000476
[panda train] update 252500/1000000, loss=0.000475
[panda train] update 253000/1000000, loss=0.000532
[panda train] update 253500/1000000, loss=0.000523
[panda train] update 254000/1000000, loss=0.000606
[panda train] update 254500/1000000, loss=0.000624
[panda train] update 255000/1000000, loss=0.000507
[panda train] update 255500/1000000, loss=0.000636
[panda train] update 256000/1000000, loss=0.000486
[panda train] update 256500/1000000, loss=0.000596
[panda train] update 257000/1000000, loss=0.000419
[panda train] update 257500/1000000, loss=0.000707
[panda train] update 258000/1000000, loss=0.000511
[panda train] update 258500/1000000, loss=0.000528
[panda train] update 259000/1000000, loss=0.000536
[panda train] update 259500/1000000, loss=0.000468
[panda train] update 260000/1000000, loss=0.000515
[panda train] update 260500/1000000, loss=0.000465
[panda train] update 261000/1000000, loss=0.000468
[panda train] update 261500/1000000, loss=0.000449
[panda train] update 262000/1000000, loss=0.000555
[panda train] update 262500/1000000, loss=0.000450
[panda train] update 263000/1000000, loss=0.000410
[panda train] update 263500/1000000, loss=0.000459
[panda train] update 264000/1000000, loss=0.000504
[panda train] update 264500/1000000, loss=0.000493
[panda train] update 265000/1000000, loss=0.000468
[panda train] update 265500/1000000, loss=0.000472
[panda train] update 266000/1000000, loss=0.000585
[panda train] update 266500/1000000, loss=0.000625
[panda train] update 267000/1000000, loss=0.000495
[panda train] update 267500/1000000, loss=0.000523
[panda train] update 268000/1000000, loss=0.000567
[panda train] update 268500/1000000, loss=0.000530
[panda train] update 269000/1000000, loss=0.000519
[panda train] update 269500/1000000, loss=0.000420
[panda train] update 270000/1000000, loss=0.000474
[panda train] update 270500/1000000, loss=0.000473
[panda train] update 271000/1000000, loss=0.000407
[panda train] update 271500/1000000, loss=0.000500
[panda train] update 272000/1000000, loss=0.000428
[panda train] update 272500/1000000, loss=0.000516
[panda train] update 273000/1000000, loss=0.000485
[panda train] update 273500/1000000, loss=0.000494
[panda train] update 274000/1000000, loss=0.000437
[panda train] update 274500/1000000, loss=0.000493
[panda train] update 275000/1000000, loss=0.000447
[panda train] update 275500/1000000, loss=0.000687
[panda train] update 276000/1000000, loss=0.000465
[panda train] update 276500/1000000, loss=0.000426
[panda train] update 277000/1000000, loss=0.000410
[panda train] update 277500/1000000, loss=0.000446
[panda train] update 278000/1000000, loss=0.000456
[panda train] update 278500/1000000, loss=0.000586
[panda train] update 279000/1000000, loss=0.000362
[panda train] update 279500/1000000, loss=0.000622
[panda train] update 280000/1000000, loss=0.000519
[panda train] update 280500/1000000, loss=0.000494
[panda train] update 281000/1000000, loss=0.000431
[panda train] update 281500/1000000, loss=0.000427
[panda train] update 282000/1000000, loss=0.000400
[panda train] update 282500/1000000, loss=0.000514
[panda train] update 283000/1000000, loss=0.000426
[panda train] update 283500/1000000, loss=0.000352
[panda train] update 284000/1000000, loss=0.000388
[panda train] update 284500/1000000, loss=0.000463
[panda train] update 285000/1000000, loss=0.000450
[panda train] update 285500/1000000, loss=0.000594
[panda train] update 286000/1000000, loss=0.000466
[panda train] update 286500/1000000, loss=0.000617
[panda train] update 287000/1000000, loss=0.000376
[panda train] update 287500/1000000, loss=0.000398
[panda train] update 288000/1000000, loss=0.000384
[panda train] update 288500/1000000, loss=0.000456
[panda train] update 289000/1000000, loss=0.000503
[panda train] update 289500/1000000, loss=0.000450
[panda train] update 290000/1000000, loss=0.000598
[panda train] update 290500/1000000, loss=0.000516
[panda train] update 291000/1000000, loss=0.000395
[panda train] update 291500/1000000, loss=0.000603
[panda train] update 292000/1000000, loss=0.000561
[panda train] update 292500/1000000, loss=0.000477
[panda train] update 293000/1000000, loss=0.000471
[panda train] update 293500/1000000, loss=0.000643
[panda train] update 294000/1000000, loss=0.000461
[panda train] update 294500/1000000, loss=0.000503
[panda train] update 295000/1000000, loss=0.000512
[panda train] update 295500/1000000, loss=0.000538
[panda train] update 296000/1000000, loss=0.000408
[panda train] update 296500/1000000, loss=0.000424
[panda train] update 297000/1000000, loss=0.000446
[panda train] update 297500/1000000, loss=0.000472
[panda train] update 298000/1000000, loss=0.000496
[panda train] update 298500/1000000, loss=0.000349
[panda train] update 299000/1000000, loss=0.000495
[panda train] update 299500/1000000, loss=0.000429
[panda train] update 300000/1000000, loss=0.000571
[panda train] update 300500/1000000, loss=0.000480
[panda train] update 301000/1000000, loss=0.000436
[panda train] update 301500/1000000, loss=0.000407
[panda train] update 302000/1000000, loss=0.000440
[panda train] update 302500/1000000, loss=0.000444
[panda train] update 303000/1000000, loss=0.000411
[panda train] update 303500/1000000, loss=0.000420
[panda train] update 304000/1000000, loss=0.000400
[panda train] update 304500/1000000, loss=0.000580
[panda train] update 305000/1000000, loss=0.000401
[panda train] update 305500/1000000, loss=0.000390
[panda train] update 306000/1000000, loss=0.000390
[panda train] update 306500/1000000, loss=0.000575
[panda train] update 307000/1000000, loss=0.000510
[panda train] update 307500/1000000, loss=0.000466
[panda train] update 308000/1000000, loss=0.000401
[panda train] update 308500/1000000, loss=0.000604
[panda train] update 309000/1000000, loss=0.000510
[panda train] update 309500/1000000, loss=0.000398
[panda train] update 310000/1000000, loss=0.000395
[panda train] update 310500/1000000, loss=0.000407
[panda train] update 311000/1000000, loss=0.000546
[panda train] update 311500/1000000, loss=0.000530
[panda train] update 312000/1000000, loss=0.000433
[panda train] update 312500/1000000, loss=0.000447
[panda train] update 313000/1000000, loss=0.000427
[panda train] update 313500/1000000, loss=0.000417
[panda train] update 314000/1000000, loss=0.000423
[panda train] update 314500/1000000, loss=0.000435
[panda train] update 315000/1000000, loss=0.000535
[panda train] update 315500/1000000, loss=0.000491
[panda train] update 316000/1000000, loss=0.000500
[panda train] update 316500/1000000, loss=0.000606
[panda train] update 317000/1000000, loss=0.000376
[panda train] update 317500/1000000, loss=0.000437
[panda train] update 318000/1000000, loss=0.000454
[panda train] update 318500/1000000, loss=0.000408
[panda train] update 319000/1000000, loss=0.000362
[panda train] update 319500/1000000, loss=0.000391
[panda train] update 320000/1000000, loss=0.000432
[panda train] update 320500/1000000, loss=0.000406
[panda train] update 321000/1000000, loss=0.000383
[panda train] update 321500/1000000, loss=0.000405
[panda train] update 322000/1000000, loss=0.000506
[panda train] update 322500/1000000, loss=0.000523
[panda train] update 323000/1000000, loss=0.000392
[panda train] update 323500/1000000, loss=0.000427
[panda train] update 324000/1000000, loss=0.000475
[panda train] update 324500/1000000, loss=0.000496
[panda train] update 325000/1000000, loss=0.000520
[panda train] update 325500/1000000, loss=0.000491
[panda train] update 326000/1000000, loss=0.000364
[panda train] update 326500/1000000, loss=0.000522
[panda train] update 327000/1000000, loss=0.000407
[panda train] update 327500/1000000, loss=0.000435
[panda train] update 328000/1000000, loss=0.000481
[panda train] update 328500/1000000, loss=0.000445
[panda train] update 329000/1000000, loss=0.000505
[panda train] update 329500/1000000, loss=0.000447
[panda train] update 330000/1000000, loss=0.000427
[panda train] update 330500/1000000, loss=0.000540
[panda train] update 331000/1000000, loss=0.000398
[panda train] update 331500/1000000, loss=0.000393
[panda train] update 332000/1000000, loss=0.000379
[panda train] update 332500/1000000, loss=0.000425
[panda train] update 333000/1000000, loss=0.000772
[panda train] update 333500/1000000, loss=0.000353
[panda train] update 334000/1000000, loss=0.000469
[panda train] update 334500/1000000, loss=0.000516
[panda train] update 335000/1000000, loss=0.000402
[panda train] update 335500/1000000, loss=0.000390
[panda train] update 336000/1000000, loss=0.000398
[panda train] update 336500/1000000, loss=0.000489
[panda train] update 337000/1000000, loss=0.000359
[panda train] update 337500/1000000, loss=0.000536
[panda train] update 338000/1000000, loss=0.000359
[panda train] update 338500/1000000, loss=0.000361
[panda train] update 339000/1000000, loss=0.000595
[panda train] update 339500/1000000, loss=0.000378
[panda train] update 340000/1000000, loss=0.000362
[panda train] update 340500/1000000, loss=0.000414
[panda train] update 341000/1000000, loss=0.000451
[panda train] update 341500/1000000, loss=0.000393
[panda train] update 342000/1000000, loss=0.000417
[panda train] update 342500/1000000, loss=0.000434
[panda train] update 343000/1000000, loss=0.000475
[panda train] update 343500/1000000, loss=0.000386
[panda train] update 344000/1000000, loss=0.000435
[panda train] update 344500/1000000, loss=0.000436
[panda train] update 345000/1000000, loss=0.000365
[panda train] update 345500/1000000, loss=0.000408
[panda train] update 346000/1000000, loss=0.000396
[panda train] update 346500/1000000, loss=0.000392
[panda train] update 347000/1000000, loss=0.000389
[panda train] update 347500/1000000, loss=0.000417
[panda train] update 348000/1000000, loss=0.000417
[panda train] update 348500/1000000, loss=0.000406
[panda train] update 349000/1000000, loss=0.000378
[panda train] update 349500/1000000, loss=0.000434
[panda train] update 350000/1000000, loss=0.000427
[panda train] update 350500/1000000, loss=0.000466
[panda train] update 351000/1000000, loss=0.000452
[panda train] update 351500/1000000, loss=0.000379
[panda train] update 352000/1000000, loss=0.000413
[panda train] update 352500/1000000, loss=0.000462
[panda train] update 353000/1000000, loss=0.000447
[panda train] update 353500/1000000, loss=0.000373
[panda train] update 354000/1000000, loss=0.000419
[panda train] update 354500/1000000, loss=0.000386
[panda train] update 355000/1000000, loss=0.000472
[panda train] update 355500/1000000, loss=0.000381
[panda train] update 356000/1000000, loss=0.000368
[panda train] update 356500/1000000, loss=0.000488
[panda train] update 357000/1000000, loss=0.000366
[panda train] update 357500/1000000, loss=0.000377
[panda train] update 358000/1000000, loss=0.000469
[panda train] update 358500/1000000, loss=0.000352
[panda train] update 359000/1000000, loss=0.000412
[panda train] update 359500/1000000, loss=0.000442
[panda train] update 360000/1000000, loss=0.000332
[panda train] update 360500/1000000, loss=0.000400
[panda train] update 361000/1000000, loss=0.000340
[panda train] update 361500/1000000, loss=0.000357
[panda train] update 362000/1000000, loss=0.000433
[panda train] update 362500/1000000, loss=0.000359
[panda train] update 363000/1000000, loss=0.000363
[panda train] update 363500/1000000, loss=0.000678
[panda train] update 364000/1000000, loss=0.000413
[panda train] update 364500/1000000, loss=0.000442
[panda train] update 365000/1000000, loss=0.000398
[panda train] update 365500/1000000, loss=0.000403
[panda train] update 366000/1000000, loss=0.000374
[panda train] update 366500/1000000, loss=0.000351
[panda train] update 367000/1000000, loss=0.000327
[panda train] update 367500/1000000, loss=0.000383
[panda train] update 368000/1000000, loss=0.000420
[panda train] update 368500/1000000, loss=0.000346
[panda train] update 369000/1000000, loss=0.000435
[panda train] update 369500/1000000, loss=0.000421
[panda train] update 370000/1000000, loss=0.000338
[panda train] update 370500/1000000, loss=0.000569
[panda train] update 371000/1000000, loss=0.000405
[panda train] update 371500/1000000, loss=0.000384
[panda train] update 372000/1000000, loss=0.000402
[panda train] update 372500/1000000, loss=0.000499
[panda train] update 373000/1000000, loss=0.000409
[panda train] update 373500/1000000, loss=0.000356
[panda train] update 374000/1000000, loss=0.000395
[panda train] update 374500/1000000, loss=0.000288
[panda train] update 375000/1000000, loss=0.000394
[panda train] update 375500/1000000, loss=0.000350
[panda train] update 376000/1000000, loss=0.000369
[panda train] update 376500/1000000, loss=0.000354
[panda train] update 377000/1000000, loss=0.000338
[panda train] update 377500/1000000, loss=0.000478
[panda train] update 378000/1000000, loss=0.000416
[panda train] update 378500/1000000, loss=0.000507
[panda train] update 379000/1000000, loss=0.000484
[panda train] update 379500/1000000, loss=0.000451
[panda train] update 380000/1000000, loss=0.000387
[panda train] update 380500/1000000, loss=0.000477
[panda train] update 381000/1000000, loss=0.000381
[panda train] update 381500/1000000, loss=0.000338
[panda train] update 382000/1000000, loss=0.000507
[panda train] update 382500/1000000, loss=0.000367
[panda train] update 383000/1000000, loss=0.000352
[panda train] update 383500/1000000, loss=0.000386
[panda train] update 384000/1000000, loss=0.000307
[panda train] update 384500/1000000, loss=0.000458
[panda train] update 385000/1000000, loss=0.000306
[panda train] update 385500/1000000, loss=0.000349
[panda train] update 386000/1000000, loss=0.000355
[panda train] update 386500/1000000, loss=0.000438
[panda train] update 387000/1000000, loss=0.000363
[panda train] update 387500/1000000, loss=0.000426
[panda train] update 388000/1000000, loss=0.000477
[panda train] update 388500/1000000, loss=0.000342
[panda train] update 389000/1000000, loss=0.000431
[panda train] update 389500/1000000, loss=0.000377
[panda train] update 390000/1000000, loss=0.000384
[panda train] update 390500/1000000, loss=0.000412
[panda train] update 391000/1000000, loss=0.000409
[panda train] update 391500/1000000, loss=0.000349
[panda train] update 392000/1000000, loss=0.000501
[panda train] update 392500/1000000, loss=0.000420
[panda train] update 393000/1000000, loss=0.000354
[panda train] update 393500/1000000, loss=0.000357
[panda train] update 394000/1000000, loss=0.000281
[panda train] update 394500/1000000, loss=0.000375
[panda train] update 395000/1000000, loss=0.000298
[panda train] update 395500/1000000, loss=0.000583
[panda train] update 396000/1000000, loss=0.000342
[panda train] update 396500/1000000, loss=0.000355
[panda train] update 397000/1000000, loss=0.000316
[panda train] update 397500/1000000, loss=0.000310
[panda train] update 398000/1000000, loss=0.000451
[panda train] update 398500/1000000, loss=0.000356
[panda train] update 399000/1000000, loss=0.000350
[panda train] update 399500/1000000, loss=0.000440
[panda train] update 400000/1000000, loss=0.000338
[panda train] update 400500/1000000, loss=0.000350
[panda train] update 401000/1000000, loss=0.000438
[panda train] update 401500/1000000, loss=0.000314
[panda train] update 402000/1000000, loss=0.000331
[panda train] update 402500/1000000, loss=0.000478
[panda train] update 403000/1000000, loss=0.000363
[panda train] update 403500/1000000, loss=0.000330
[panda train] update 404000/1000000, loss=0.000429
[panda train] update 404500/1000000, loss=0.000344
[panda train] update 405000/1000000, loss=0.000400
[panda train] update 405500/1000000, loss=0.000429
[panda train] update 406000/1000000, loss=0.000400
[panda train] update 406500/1000000, loss=0.000414
[panda train] update 407000/1000000, loss=0.000485
[panda train] update 407500/1000000, loss=0.000327
[panda train] update 408000/1000000, loss=0.000363
[panda train] update 408500/1000000, loss=0.000353
[panda train] update 409000/1000000, loss=0.000431
[panda train] update 409500/1000000, loss=0.000316
[panda train] update 410000/1000000, loss=0.000372
[panda train] update 410500/1000000, loss=0.000385
[panda train] update 411000/1000000, loss=0.000415
[panda train] update 411500/1000000, loss=0.000319
[panda train] update 412000/1000000, loss=0.000313
[panda train] update 412500/1000000, loss=0.000371
[panda train] update 413000/1000000, loss=0.000444
[panda train] update 413500/1000000, loss=0.000331
[panda train] update 414000/1000000, loss=0.000310
[panda train] update 414500/1000000, loss=0.000401
[panda train] update 415000/1000000, loss=0.000337
[panda train] update 415500/1000000, loss=0.000322
[panda train] update 416000/1000000, loss=0.000342
[panda train] update 416500/1000000, loss=0.000379
[panda train] update 417000/1000000, loss=0.000408
[panda train] update 417500/1000000, loss=0.000352
[panda train] update 418000/1000000, loss=0.000354
[panda train] update 418500/1000000, loss=0.000368
[panda train] update 419000/1000000, loss=0.000322
[panda train] update 419500/1000000, loss=0.000301
[panda train] update 420000/1000000, loss=0.000344
[panda train] update 420500/1000000, loss=0.000388
[panda train] update 421000/1000000, loss=0.000451
[panda train] update 421500/1000000, loss=0.000366
[panda train] update 422000/1000000, loss=0.000428
[panda train] update 422500/1000000, loss=0.000367
[panda train] update 423000/1000000, loss=0.000388
[panda train] update 423500/1000000, loss=0.000329
[panda train] update 424000/1000000, loss=0.000430
[panda train] update 424500/1000000, loss=0.000396
[panda train] update 425000/1000000, loss=0.000355
[panda train] update 425500/1000000, loss=0.000302
[panda train] update 426000/1000000, loss=0.000412
[panda train] update 426500/1000000, loss=0.000329
[panda train] update 427000/1000000, loss=0.000327
[panda train] update 427500/1000000, loss=0.000331
[panda train] update 428000/1000000, loss=0.000354
[panda train] update 428500/1000000, loss=0.000389
[panda train] update 429000/1000000, loss=0.000306
[panda train] update 429500/1000000, loss=0.000373
[panda train] update 430000/1000000, loss=0.000315
[panda train] update 430500/1000000, loss=0.000339
[panda train] update 431000/1000000, loss=0.000341
[panda train] update 431500/1000000, loss=0.000338
[panda train] update 432000/1000000, loss=0.000409
[panda train] update 432500/1000000, loss=0.000454
[panda train] update 433000/1000000, loss=0.000384
[panda train] update 433500/1000000, loss=0.000337
[panda train] update 434000/1000000, loss=0.000309
[panda train] update 434500/1000000, loss=0.000302
[panda train] update 435000/1000000, loss=0.000266
[panda train] update 435500/1000000, loss=0.000304
[panda train] update 436000/1000000, loss=0.000456
[panda train] update 436500/1000000, loss=0.000299
[panda train] update 437000/1000000, loss=0.000343
[panda train] update 437500/1000000, loss=0.000533
[panda train] update 438000/1000000, loss=0.000357
[panda train] update 438500/1000000, loss=0.000434
[panda train] update 439000/1000000, loss=0.000321
[panda train] update 439500/1000000, loss=0.000351
[panda train] update 440000/1000000, loss=0.000393
[panda train] update 440500/1000000, loss=0.000365
[panda train] update 441000/1000000, loss=0.000371
[panda train] update 441500/1000000, loss=0.000342
[panda train] update 442000/1000000, loss=0.000377
[panda train] update 442500/1000000, loss=0.000305
[panda train] update 443000/1000000, loss=0.000328
[panda train] update 443500/1000000, loss=0.000336
[panda train] update 444000/1000000, loss=0.000346
[panda train] update 444500/1000000, loss=0.000321
[panda train] update 445000/1000000, loss=0.000300
[panda train] update 445500/1000000, loss=0.000361
[panda train] update 446000/1000000, loss=0.000329
[panda train] update 446500/1000000, loss=0.000346
[panda train] update 447000/1000000, loss=0.000321
[panda train] update 447500/1000000, loss=0.000468
[panda train] update 448000/1000000, loss=0.000283
[panda train] update 448500/1000000, loss=0.000387
[panda train] update 449000/1000000, loss=0.000391
[panda train] update 449500/1000000, loss=0.000376
[panda train] update 450000/1000000, loss=0.000423
[panda train] update 450500/1000000, loss=0.000385
[panda train] update 451000/1000000, loss=0.000344
[panda train] update 451500/1000000, loss=0.000308
[panda train] update 452000/1000000, loss=0.000363
[panda train] update 452500/1000000, loss=0.000397
[panda train] update 453000/1000000, loss=0.000340
[panda train] update 453500/1000000, loss=0.000282
[panda train] update 454000/1000000, loss=0.000402
[panda train] update 454500/1000000, loss=0.000340
[panda train] update 455000/1000000, loss=0.000332
[panda train] update 455500/1000000, loss=0.000313
[panda train] update 456000/1000000, loss=0.000352
[panda train] update 456500/1000000, loss=0.000305
[panda train] update 457000/1000000, loss=0.000317
[panda train] update 457500/1000000, loss=0.000386
[panda train] update 458000/1000000, loss=0.000418
[panda train] update 458500/1000000, loss=0.000397
[panda train] update 459000/1000000, loss=0.000318
[panda train] update 459500/1000000, loss=0.000362
[panda train] update 460000/1000000, loss=0.000289
[panda train] update 460500/1000000, loss=0.000396
[panda train] update 461000/1000000, loss=0.000309
[panda train] update 461500/1000000, loss=0.000477
[panda train] update 462000/1000000, loss=0.000434
[panda train] update 462500/1000000, loss=0.000374
[panda train] update 463000/1000000, loss=0.000355
[panda train] update 463500/1000000, loss=0.000285
[panda train] update 464000/1000000, loss=0.000357
[panda train] update 464500/1000000, loss=0.000318
[panda train] update 465000/1000000, loss=0.000386
[panda train] update 465500/1000000, loss=0.000440
[panda train] update 466000/1000000, loss=0.000386
[panda train] update 466500/1000000, loss=0.000365
[panda train] update 467000/1000000, loss=0.000381
[panda train] update 467500/1000000, loss=0.000371
[panda train] update 468000/1000000, loss=0.000305
[panda train] update 468500/1000000, loss=0.000356
[panda train] update 469000/1000000, loss=0.000273
[panda train] update 469500/1000000, loss=0.000318
[panda train] update 470000/1000000, loss=0.000383
[panda train] update 470500/1000000, loss=0.000289
[panda train] update 471000/1000000, loss=0.000289
[panda train] update 471500/1000000, loss=0.000351
[panda train] update 472000/1000000, loss=0.000313
[panda train] update 472500/1000000, loss=0.000522
[panda train] update 473000/1000000, loss=0.000388
[panda train] update 473500/1000000, loss=0.000305
[panda train] update 474000/1000000, loss=0.000411
[panda train] update 474500/1000000, loss=0.000295
[panda train] update 475000/1000000, loss=0.000260
[panda train] update 475500/1000000, loss=0.000448
[panda train] update 476000/1000000, loss=0.000325
[panda train] update 476500/1000000, loss=0.000334
[panda train] update 477000/1000000, loss=0.000376
[panda train] update 477500/1000000, loss=0.000429
[panda train] update 478000/1000000, loss=0.000399
[panda train] update 478500/1000000, loss=0.000386
[panda train] update 479000/1000000, loss=0.000337
[panda train] update 479500/1000000, loss=0.000302
[panda train] update 480000/1000000, loss=0.000299
[panda train] update 480500/1000000, loss=0.000393
[panda train] update 481000/1000000, loss=0.000341
[panda train] update 481500/1000000, loss=0.000368
[panda train] update 482000/1000000, loss=0.000304
[panda train] update 482500/1000000, loss=0.000322
[panda train] update 483000/1000000, loss=0.000351
[panda train] update 483500/1000000, loss=0.000312
[panda train] update 484000/1000000, loss=0.000331
[panda train] update 484500/1000000, loss=0.000377
[panda train] update 485000/1000000, loss=0.000341
[panda train] update 485500/1000000, loss=0.000342
[panda train] update 486000/1000000, loss=0.000275
[panda train] update 486500/1000000, loss=0.000337
[panda train] update 487000/1000000, loss=0.000318
[panda train] update 487500/1000000, loss=0.000379
[panda train] update 488000/1000000, loss=0.000365
[panda train] update 488500/1000000, loss=0.000306
[panda train] update 489000/1000000, loss=0.000302
[panda train] update 489500/1000000, loss=0.000328
[panda train] update 490000/1000000, loss=0.000409
[panda train] update 490500/1000000, loss=0.000399
[panda train] update 491000/1000000, loss=0.000336
[panda train] update 491500/1000000, loss=0.000328
[panda train] update 492000/1000000, loss=0.000358
[panda train] update 492500/1000000, loss=0.000313
[panda train] update 493000/1000000, loss=0.000303
[panda train] update 493500/1000000, loss=0.000337
[panda train] update 494000/1000000, loss=0.000383
[panda train] update 494500/1000000, loss=0.000325
[panda train] update 495000/1000000, loss=0.000275
[panda train] update 495500/1000000, loss=0.000303
[panda train] update 496000/1000000, loss=0.000320
[panda train] update 496500/1000000, loss=0.000386
[panda train] update 497000/1000000, loss=0.000363
[panda train] update 497500/1000000, loss=0.000304
[panda train] update 498000/1000000, loss=0.000320
[panda train] update 498500/1000000, loss=0.000373
[panda train] update 499000/1000000, loss=0.000407
[panda train] update 499500/1000000, loss=0.000333
[panda train] update 500000/1000000, loss=0.000397
[panda train] update 500500/1000000, loss=0.000333
[panda train] update 501000/1000000, loss=0.000299
[panda train] update 501500/1000000, loss=0.000297
[panda train] update 502000/1000000, loss=0.000371
[panda train] update 502500/1000000, loss=0.000346
[panda train] update 503000/1000000, loss=0.000401
[panda train] update 503500/1000000, loss=0.000299
[panda train] update 504000/1000000, loss=0.000274
[panda train] update 504500/1000000, loss=0.000296
[panda train] update 505000/1000000, loss=0.000325
[panda train] update 505500/1000000, loss=0.000347
[panda train] update 506000/1000000, loss=0.000326
[panda train] update 506500/1000000, loss=0.000255
[panda train] update 507000/1000000, loss=0.000369
[panda train] update 507500/1000000, loss=0.000347
[panda train] update 508000/1000000, loss=0.000326
[panda train] update 508500/1000000, loss=0.000301
[panda train] update 509000/1000000, loss=0.000389
[panda train] update 509500/1000000, loss=0.000272
[panda train] update 510000/1000000, loss=0.000319
[panda train] update 510500/1000000, loss=0.000296
[panda train] update 511000/1000000, loss=0.000349
[panda train] update 511500/1000000, loss=0.000341
[panda train] update 512000/1000000, loss=0.000317
[panda train] update 512500/1000000, loss=0.000371
[panda train] update 513000/1000000, loss=0.000326
[panda train] update 513500/1000000, loss=0.000254
[panda train] update 514000/1000000, loss=0.000386
[panda train] update 514500/1000000, loss=0.000407
[panda train] update 515000/1000000, loss=0.000333
[panda train] update 515500/1000000, loss=0.000286
[panda train] update 516000/1000000, loss=0.000330
[panda train] update 516500/1000000, loss=0.000348
[panda train] update 517000/1000000, loss=0.000308
[panda train] update 517500/1000000, loss=0.000343
[panda train] update 518000/1000000, loss=0.000250
[panda train] update 518500/1000000, loss=0.000349
[panda train] update 519000/1000000, loss=0.000305
[panda train] update 519500/1000000, loss=0.000360
[panda train] update 520000/1000000, loss=0.000351
[panda train] update 520500/1000000, loss=0.000323
[panda train] update 521000/1000000, loss=0.000312
[panda train] update 521500/1000000, loss=0.000394
[panda train] update 522000/1000000, loss=0.000344
[panda train] update 522500/1000000, loss=0.000329
[panda train] update 523000/1000000, loss=0.000355
[panda train] update 523500/1000000, loss=0.000332
[panda train] update 524000/1000000, loss=0.000292
[panda train] update 524500/1000000, loss=0.000312
[panda train] update 525000/1000000, loss=0.000301
[panda train] update 525500/1000000, loss=0.000315
[panda train] update 526000/1000000, loss=0.000329
[panda train] update 526500/1000000, loss=0.000262
[panda train] update 527000/1000000, loss=0.000357
[panda train] update 527500/1000000, loss=0.000321
[panda train] update 528000/1000000, loss=0.000408
[panda train] update 528500/1000000, loss=0.000373
[panda train] update 529000/1000000, loss=0.000329
[panda train] update 529500/1000000, loss=0.000329
[panda train] update 530000/1000000, loss=0.000309
[panda train] update 530500/1000000, loss=0.000261
[panda train] update 531000/1000000, loss=0.000291
[panda train] update 531500/1000000, loss=0.000314
[panda train] update 532000/1000000, loss=0.000257
[panda train] update 532500/1000000, loss=0.000351
[panda train] update 533000/1000000, loss=0.000301
[panda train] update 533500/1000000, loss=0.000318
[panda train] update 534000/1000000, loss=0.000299
[panda train] update 534500/1000000, loss=0.000355
[panda train] update 535000/1000000, loss=0.000253
[panda train] update 535500/1000000, loss=0.000277
[panda train] update 536000/1000000, loss=0.000297
[panda train] update 536500/1000000, loss=0.000250
[panda train] update 537000/1000000, loss=0.000353
[panda train] update 537500/1000000, loss=0.000356
[panda train] update 538000/1000000, loss=0.000304
[panda train] update 538500/1000000, loss=0.000294
[panda train] update 539000/1000000, loss=0.000299
[panda train] update 539500/1000000, loss=0.000420
[panda train] update 540000/1000000, loss=0.000267
[panda train] update 540500/1000000, loss=0.000381
[panda train] update 541000/1000000, loss=0.000334
[panda train] update 541500/1000000, loss=0.000343
[panda train] update 542000/1000000, loss=0.000305
[panda train] update 542500/1000000, loss=0.000259
[panda train] update 543000/1000000, loss=0.000283
[panda train] update 543500/1000000, loss=0.000365
[panda train] update 544000/1000000, loss=0.000296
[panda train] update 544500/1000000, loss=0.000285
[panda train] update 545000/1000000, loss=0.000295
[panda train] update 545500/1000000, loss=0.000414
[panda train] update 546000/1000000, loss=0.000319
[panda train] update 546500/1000000, loss=0.000296
[panda train] update 547000/1000000, loss=0.000347
[panda train] update 547500/1000000, loss=0.000354
[panda train] update 548000/1000000, loss=0.000360
[panda train] update 548500/1000000, loss=0.000296
[panda train] update 549000/1000000, loss=0.000295
[panda train] update 549500/1000000, loss=0.000265
[panda train] update 550000/1000000, loss=0.000320
[panda train] update 550500/1000000, loss=0.000257
[panda train] update 551000/1000000, loss=0.000328
[panda train] update 551500/1000000, loss=0.000265
[panda train] update 552000/1000000, loss=0.000301
[panda train] update 552500/1000000, loss=0.000323
[panda train] update 553000/1000000, loss=0.000342
[panda train] update 553500/1000000, loss=0.000300
[panda train] update 554000/1000000, loss=0.000311
[panda train] update 554500/1000000, loss=0.000325
[panda train] update 555000/1000000, loss=0.000274
[panda train] update 555500/1000000, loss=0.000292
[panda train] update 556000/1000000, loss=0.000275
[panda train] update 556500/1000000, loss=0.000381
[panda train] update 557000/1000000, loss=0.000359
[panda train] update 557500/1000000, loss=0.000434
[panda train] update 558000/1000000, loss=0.000340
[panda train] update 558500/1000000, loss=0.000442
[panda train] update 559000/1000000, loss=0.000302
[panda train] update 559500/1000000, loss=0.000339
[panda train] update 560000/1000000, loss=0.000287
[panda train] update 560500/1000000, loss=0.000266
[panda train] update 561000/1000000, loss=0.000283
[panda train] update 561500/1000000, loss=0.000391
[panda train] update 562000/1000000, loss=0.000238
[panda train] update 562500/1000000, loss=0.000382
[panda train] update 563000/1000000, loss=0.000341
[panda train] update 563500/1000000, loss=0.000337
[panda train] update 564000/1000000, loss=0.000334
[panda train] update 564500/1000000, loss=0.000303
[panda train] update 565000/1000000, loss=0.000250
[panda train] update 565500/1000000, loss=0.000352
[panda train] update 566000/1000000, loss=0.000321
[panda train] update 566500/1000000, loss=0.000258
[panda train] update 567000/1000000, loss=0.000377
[panda train] update 567500/1000000, loss=0.000330
[panda train] update 568000/1000000, loss=0.000323
[panda train] update 568500/1000000, loss=0.000398
[panda train] update 569000/1000000, loss=0.000277
[panda train] update 569500/1000000, loss=0.000426
[panda train] update 570000/1000000, loss=0.000221
[panda train] update 570500/1000000, loss=0.000293
[panda train] update 571000/1000000, loss=0.000325
[panda train] update 571500/1000000, loss=0.000375
[panda train] update 572000/1000000, loss=0.000336
[panda train] update 572500/1000000, loss=0.000275
[panda train] update 573000/1000000, loss=0.000275
[panda train] update 573500/1000000, loss=0.000293
[panda train] update 574000/1000000, loss=0.000296
[panda train] update 574500/1000000, loss=0.000360
[panda train] update 575000/1000000, loss=0.000363
[panda train] update 575500/1000000, loss=0.000327
[panda train] update 576000/1000000, loss=0.000293
[panda train] update 576500/1000000, loss=0.000269
[panda train] update 577000/1000000, loss=0.000350
[panda train] update 577500/1000000, loss=0.000274
[panda train] update 578000/1000000, loss=0.000260
[panda train] update 578500/1000000, loss=0.000303
[panda train] update 579000/1000000, loss=0.000283
[panda train] update 579500/1000000, loss=0.000318
[panda train] update 580000/1000000, loss=0.000309
[panda train] update 580500/1000000, loss=0.000263
[panda train] update 581000/1000000, loss=0.000464
[panda train] update 581500/1000000, loss=0.000307
[panda train] update 582000/1000000, loss=0.000251
[panda train] update 582500/1000000, loss=0.000323
[panda train] update 583000/1000000, loss=0.000289
[panda train] update 583500/1000000, loss=0.000298
[panda train] update 584000/1000000, loss=0.000322
[panda train] update 584500/1000000, loss=0.000317
[panda train] update 585000/1000000, loss=0.000307
[panda train] update 585500/1000000, loss=0.000359
[panda train] update 586000/1000000, loss=0.000359
[panda train] update 586500/1000000, loss=0.000346
[panda train] update 587000/1000000, loss=0.000279
[panda train] update 587500/1000000, loss=0.000305
[panda train] update 588000/1000000, loss=0.000264
[panda train] update 588500/1000000, loss=0.000287
[panda train] update 589000/1000000, loss=0.000275
[panda train] update 589500/1000000, loss=0.000258
[panda train] update 590000/1000000, loss=0.000342
[panda train] update 590500/1000000, loss=0.000285
[panda train] update 591000/1000000, loss=0.000339
[panda train] update 591500/1000000, loss=0.000268
[panda train] update 592000/1000000, loss=0.000343
[panda train] update 592500/1000000, loss=0.000262
[panda train] update 593000/1000000, loss=0.000289
[panda train] update 593500/1000000, loss=0.000315
[panda train] update 594000/1000000, loss=0.000274
[panda train] update 594500/1000000, loss=0.000295
[panda train] update 595000/1000000, loss=0.000257
[panda train] update 595500/1000000, loss=0.000240
[panda train] update 596000/1000000, loss=0.000248
[panda train] update 596500/1000000, loss=0.000323
[panda train] update 597000/1000000, loss=0.000340
[panda train] update 597500/1000000, loss=0.000306
[panda train] update 598000/1000000, loss=0.000262
[panda train] update 598500/1000000, loss=0.000240
[panda train] update 599000/1000000, loss=0.000326
[panda train] update 599500/1000000, loss=0.000234
[panda train] update 600000/1000000, loss=0.000274
[panda train] update 600500/1000000, loss=0.000289
[panda train] update 601000/1000000, loss=0.000255
[panda train] update 601500/1000000, loss=0.000345
[panda train] update 602000/1000000, loss=0.000294
[panda train] update 602500/1000000, loss=0.000280
[panda train] update 603000/1000000, loss=0.000278
[panda train] update 603500/1000000, loss=0.000413
[panda train] update 604000/1000000, loss=0.000318
[panda train] update 604500/1000000, loss=0.000322
[panda train] update 605000/1000000, loss=0.000267
[panda train] update 605500/1000000, loss=0.000262
[panda train] update 606000/1000000, loss=0.000408
[panda train] update 606500/1000000, loss=0.000294
[panda train] update 607000/1000000, loss=0.000348
[panda train] update 607500/1000000, loss=0.000304
[panda train] update 608000/1000000, loss=0.000307
[panda train] update 608500/1000000, loss=0.000257
[panda train] update 609000/1000000, loss=0.000249
[panda train] update 609500/1000000, loss=0.000318
[panda train] update 610000/1000000, loss=0.000323
[panda train] update 610500/1000000, loss=0.000308
[panda train] update 611000/1000000, loss=0.000334
[panda train] update 611500/1000000, loss=0.000286
[panda train] update 612000/1000000, loss=0.000356
[panda train] update 612500/1000000, loss=0.000282
[panda train] update 613000/1000000, loss=0.000326
[panda train] update 613500/1000000, loss=0.000260
[panda train] update 614000/1000000, loss=0.000315
[panda train] update 614500/1000000, loss=0.000243
[panda train] update 615000/1000000, loss=0.000245
[panda train] update 615500/1000000, loss=0.000282
[panda train] update 616000/1000000, loss=0.000244
[panda train] update 616500/1000000, loss=0.000279
[panda train] update 617000/1000000, loss=0.000287
[panda train] update 617500/1000000, loss=0.000304
[panda train] update 618000/1000000, loss=0.000287
[panda train] update 618500/1000000, loss=0.000218
[panda train] update 619000/1000000, loss=0.000319
[panda train] update 619500/1000000, loss=0.000299
[panda train] update 620000/1000000, loss=0.000275
[panda train] update 620500/1000000, loss=0.000324
[panda train] update 621000/1000000, loss=0.000290
[panda train] update 621500/1000000, loss=0.000270
[panda train] update 622000/1000000, loss=0.000291
[panda train] update 622500/1000000, loss=0.000299
[panda train] update 623000/1000000, loss=0.000240
[panda train] update 623500/1000000, loss=0.000306
[panda train] update 624000/1000000, loss=0.000305
[panda train] update 624500/1000000, loss=0.000232
[panda train] update 625000/1000000, loss=0.000293
[panda train] update 625500/1000000, loss=0.000288
[panda train] update 626000/1000000, loss=0.000273
[panda train] update 626500/1000000, loss=0.000275
[panda train] update 627000/1000000, loss=0.000280
[panda train] update 627500/1000000, loss=0.000346
[panda train] update 628000/1000000, loss=0.000284
[panda train] update 628500/1000000, loss=0.000253
[panda train] update 629000/1000000, loss=0.000250
[panda train] update 629500/1000000, loss=0.000272
[panda train] update 630000/1000000, loss=0.000333
[panda train] update 630500/1000000, loss=0.000276
[panda train] update 631000/1000000, loss=0.000320
[panda train] update 631500/1000000, loss=0.000277
[panda train] update 632000/1000000, loss=0.000274
[panda train] update 632500/1000000, loss=0.000292
[panda train] update 633000/1000000, loss=0.000390
[panda train] update 633500/1000000, loss=0.000310
[panda train] update 634000/1000000, loss=0.000211
[panda train] update 634500/1000000, loss=0.000308
[panda train] update 635000/1000000, loss=0.000257
[panda train] update 635500/1000000, loss=0.000296
[panda train] update 636000/1000000, loss=0.000331
[panda train] update 636500/1000000, loss=0.000261
[panda train] update 637000/1000000, loss=0.000237
[panda train] update 637500/1000000, loss=0.000262
[panda train] update 638000/1000000, loss=0.000280
[panda train] update 638500/1000000, loss=0.000287
[panda train] update 639000/1000000, loss=0.000235
[panda train] update 639500/1000000, loss=0.000308
[panda train] update 640000/1000000, loss=0.000291
[panda train] update 640500/1000000, loss=0.000295
[panda train] update 641000/1000000, loss=0.000263
[panda train] update 641500/1000000, loss=0.000252
[panda train] update 642000/1000000, loss=0.000298
[panda train] update 642500/1000000, loss=0.000226
[panda train] update 643000/1000000, loss=0.000305
[panda train] update 643500/1000000, loss=0.000264
[panda train] update 644000/1000000, loss=0.000265
[panda train] update 644500/1000000, loss=0.000266
[panda train] update 645000/1000000, loss=0.000233
[panda train] update 645500/1000000, loss=0.000305
[panda train] update 646000/1000000, loss=0.000233
[panda train] update 646500/1000000, loss=0.000265
[panda train] update 647000/1000000, loss=0.000284
[panda train] update 647500/1000000, loss=0.000239
[panda train] update 648000/1000000, loss=0.000346
[panda train] update 648500/1000000, loss=0.000266
[panda train] update 649000/1000000, loss=0.000318
[panda train] update 649500/1000000, loss=0.000302
[panda train] update 650000/1000000, loss=0.000260
[panda train] update 650500/1000000, loss=0.000290
[panda train] update 651000/1000000, loss=0.000293
[panda train] update 651500/1000000, loss=0.000235
[panda train] update 652000/1000000, loss=0.000308
[panda train] update 652500/1000000, loss=0.000223
[panda train] update 653000/1000000, loss=0.000276
[panda train] update 653500/1000000, loss=0.000274
[panda train] update 654000/1000000, loss=0.000246
[panda train] update 654500/1000000, loss=0.000256
[panda train] update 655000/1000000, loss=0.000321
[panda train] update 655500/1000000, loss=0.000272
[panda train] update 656000/1000000, loss=0.000278
[panda train] update 656500/1000000, loss=0.000240
[panda train] update 657000/1000000, loss=0.000318
[panda train] update 657500/1000000, loss=0.000247
[panda train] update 658000/1000000, loss=0.000292
[panda train] update 658500/1000000, loss=0.000288
[panda train] update 659000/1000000, loss=0.000302
[panda train] update 659500/1000000, loss=0.000219
[panda train] update 660000/1000000, loss=0.000291
[panda train] update 660500/1000000, loss=0.000331
[panda train] update 661000/1000000, loss=0.000238
[panda train] update 661500/1000000, loss=0.000238
[panda train] update 662000/1000000, loss=0.000262
[panda train] update 662500/1000000, loss=0.000267
[panda train] update 663000/1000000, loss=0.000224
[panda train] update 663500/1000000, loss=0.000238
[panda train] update 664000/1000000, loss=0.000278
[panda train] update 664500/1000000, loss=0.000288
[panda train] update 665000/1000000, loss=0.000247
[panda train] update 665500/1000000, loss=0.000296
[panda train] update 666000/1000000, loss=0.000313
[panda train] update 666500/1000000, loss=0.000255
[panda train] update 667000/1000000, loss=0.000278
[panda train] update 667500/1000000, loss=0.000273
[panda train] update 668000/1000000, loss=0.000259
[panda train] update 668500/1000000, loss=0.000329
[panda train] update 669000/1000000, loss=0.000281
[panda train] update 669500/1000000, loss=0.000239
[panda train] update 670000/1000000, loss=0.000262
[panda train] update 670500/1000000, loss=0.000279
[panda train] update 671000/1000000, loss=0.000260
[panda train] update 671500/1000000, loss=0.000315
[panda train] update 672000/1000000, loss=0.000246
[panda train] update 672500/1000000, loss=0.000277
[panda train] update 673000/1000000, loss=0.000301
[panda train] update 673500/1000000, loss=0.000295
[panda train] update 674000/1000000, loss=0.000266
[panda train] update 674500/1000000, loss=0.000328
[panda train] update 675000/1000000, loss=0.000310
[panda train] update 675500/1000000, loss=0.000256
[panda train] update 676000/1000000, loss=0.000280
[panda train] update 676500/1000000, loss=0.000277
[panda train] update 677000/1000000, loss=0.000236
[panda train] update 677500/1000000, loss=0.000218
[panda train] update 678000/1000000, loss=0.000332
[panda train] update 678500/1000000, loss=0.000233
[panda train] update 679000/1000000, loss=0.000272
[panda train] update 679500/1000000, loss=0.000257
[panda train] update 680000/1000000, loss=0.000286
[panda train] update 680500/1000000, loss=0.000312
[panda train] update 681000/1000000, loss=0.000275
[panda train] update 681500/1000000, loss=0.000218
[panda train] update 682000/1000000, loss=0.000270
[panda train] update 682500/1000000, loss=0.000244
[panda train] update 683000/1000000, loss=0.000229
[panda train] update 683500/1000000, loss=0.000279
[panda train] update 684000/1000000, loss=0.000258
[panda train] update 684500/1000000, loss=0.000248
[panda train] update 685000/1000000, loss=0.000356
[panda train] update 685500/1000000, loss=0.000283
[panda train] update 686000/1000000, loss=0.000277
[panda train] update 686500/1000000, loss=0.000242
[panda train] update 687000/1000000, loss=0.000233
[panda train] update 687500/1000000, loss=0.000248
[panda train] update 688000/1000000, loss=0.000198
[panda train] update 688500/1000000, loss=0.000287
[panda train] update 689000/1000000, loss=0.000233
[panda train] update 689500/1000000, loss=0.000308
[panda train] update 690000/1000000, loss=0.000263
[panda train] update 690500/1000000, loss=0.000240
[panda train] update 691000/1000000, loss=0.000527
[panda train] update 691500/1000000, loss=0.000226
[panda train] update 692000/1000000, loss=0.000241
[panda train] update 692500/1000000, loss=0.000268
[panda train] update 693000/1000000, loss=0.000289
[panda train] update 693500/1000000, loss=0.000244
[panda train] update 694000/1000000, loss=0.000209
[panda train] update 694500/1000000, loss=0.000288
[panda train] update 695000/1000000, loss=0.000367
[panda train] update 695500/1000000, loss=0.000278
[panda train] update 696000/1000000, loss=0.000198
[panda train] update 696500/1000000, loss=0.000315
[panda train] update 697000/1000000, loss=0.000284
[panda train] update 697500/1000000, loss=0.000237
[panda train] update 698000/1000000, loss=0.000337
[panda train] update 698500/1000000, loss=0.000194
[panda train] update 699000/1000000, loss=0.000301
[panda train] update 699500/1000000, loss=0.000270
[panda train] update 700000/1000000, loss=0.000262
[panda train] update 700500/1000000, loss=0.000321
[panda train] update 701000/1000000, loss=0.000213
[panda train] update 701500/1000000, loss=0.000236
[panda train] update 702000/1000000, loss=0.000273
[panda train] update 702500/1000000, loss=0.000223
[panda train] update 703000/1000000, loss=0.000276
[panda train] update 703500/1000000, loss=0.000251
[panda train] update 704000/1000000, loss=0.000255
[panda train] update 704500/1000000, loss=0.000245
[panda train] update 705000/1000000, loss=0.000285
[panda train] update 705500/1000000, loss=0.000280
[panda train] update 706000/1000000, loss=0.000263
[panda train] update 706500/1000000, loss=0.000228
[panda train] update 707000/1000000, loss=0.000225
[panda train] update 707500/1000000, loss=0.000423
[panda train] update 708000/1000000, loss=0.000278
[panda train] update 708500/1000000, loss=0.000221
[panda train] update 709000/1000000, loss=0.000364
[panda train] update 709500/1000000, loss=0.000258
[panda train] update 710000/1000000, loss=0.000319
[panda train] update 710500/1000000, loss=0.000286
[panda train] update 711000/1000000, loss=0.000339
[panda train] update 711500/1000000, loss=0.000385
[panda train] update 712000/1000000, loss=0.000283
[panda train] update 712500/1000000, loss=0.000222
[panda train] update 713000/1000000, loss=0.000315
[panda train] update 713500/1000000, loss=0.000238
[panda train] update 714000/1000000, loss=0.000239
[panda train] update 714500/1000000, loss=0.000242
[panda train] update 715000/1000000, loss=0.000233
[panda train] update 715500/1000000, loss=0.000284
[panda train] update 716000/1000000, loss=0.000275
[panda train] update 716500/1000000, loss=0.000266
[panda train] update 717000/1000000, loss=0.000328
[panda train] update 717500/1000000, loss=0.000283
[panda train] update 718000/1000000, loss=0.000215
[panda train] update 718500/1000000, loss=0.000239
[panda train] update 719000/1000000, loss=0.000382
[panda train] update 719500/1000000, loss=0.000269
[panda train] update 720000/1000000, loss=0.000265
[panda train] update 720500/1000000, loss=0.000282
[panda train] update 721000/1000000, loss=0.000245
[panda train] update 721500/1000000, loss=0.000241
[panda train] update 722000/1000000, loss=0.000297
[panda train] update 722500/1000000, loss=0.000309
[panda train] update 723000/1000000, loss=0.000275
[panda train] update 723500/1000000, loss=0.000298
[panda train] update 724000/1000000, loss=0.000261
[panda train] update 724500/1000000, loss=0.000267
[panda train] update 725000/1000000, loss=0.000293
[panda train] update 725500/1000000, loss=0.000217
[panda train] update 726000/1000000, loss=0.000228
[panda train] update 726500/1000000, loss=0.000232
[panda train] update 727000/1000000, loss=0.000314
[panda train] update 727500/1000000, loss=0.000322
[panda train] update 728000/1000000, loss=0.000297
[panda train] update 728500/1000000, loss=0.000324
[panda train] update 729000/1000000, loss=0.000306
[panda train] update 729500/1000000, loss=0.000278
[panda train] update 730000/1000000, loss=0.000210
[panda train] update 730500/1000000, loss=0.000310
[panda train] update 731000/1000000, loss=0.000275
[panda train] update 731500/1000000, loss=0.000258
[panda train] update 732000/1000000, loss=0.000333
[panda train] update 732500/1000000, loss=0.000350
[panda train] update 733000/1000000, loss=0.000343
[panda train] update 733500/1000000, loss=0.000227
[panda train] update 734000/1000000, loss=0.000288
[panda train] update 734500/1000000, loss=0.000280
[panda train] update 735000/1000000, loss=0.000265
[panda train] update 735500/1000000, loss=0.000276
[panda train] update 736000/1000000, loss=0.000217
[panda train] update 736500/1000000, loss=0.000273
[panda train] update 737000/1000000, loss=0.000261
[panda train] update 737500/1000000, loss=0.000249
[panda train] update 738000/1000000, loss=0.000257
[panda train] update 738500/1000000, loss=0.000219
[panda train] update 739000/1000000, loss=0.000251
[panda train] update 739500/1000000, loss=0.000285
[panda train] update 740000/1000000, loss=0.000245
[panda train] update 740500/1000000, loss=0.000234
[panda train] update 741000/1000000, loss=0.000205
[panda train] update 741500/1000000, loss=0.000269
[panda train] update 742000/1000000, loss=0.000255
[panda train] update 742500/1000000, loss=0.000225
[panda train] update 743000/1000000, loss=0.000252
[panda train] update 743500/1000000, loss=0.000243
[panda train] update 744000/1000000, loss=0.000266
[panda train] update 744500/1000000, loss=0.000280
[panda train] update 745000/1000000, loss=0.000244
[panda train] update 745500/1000000, loss=0.000260
[panda train] update 746000/1000000, loss=0.000250
[panda train] update 746500/1000000, loss=0.000218
[panda train] update 747000/1000000, loss=0.000266
[panda train] update 747500/1000000, loss=0.000291
[panda train] update 748000/1000000, loss=0.000224
[panda train] update 748500/1000000, loss=0.000243
[panda train] update 749000/1000000, loss=0.000240
[panda train] update 749500/1000000, loss=0.000237
[panda train] update 750000/1000000, loss=0.000257
[panda train] update 750500/1000000, loss=0.000258
[panda train] update 751000/1000000, loss=0.000257
[panda train] update 751500/1000000, loss=0.000278
[panda train] update 752000/1000000, loss=0.000280
[panda train] update 752500/1000000, loss=0.000240
[panda train] update 753000/1000000, loss=0.000250
[panda train] update 753500/1000000, loss=0.000309
[panda train] update 754000/1000000, loss=0.000201
[panda train] update 754500/1000000, loss=0.000226
[panda train] update 755000/1000000, loss=0.000289
[panda train] update 755500/1000000, loss=0.000277
[panda train] update 756000/1000000, loss=0.000234
[panda train] update 756500/1000000, loss=0.000200
[panda train] update 757000/1000000, loss=0.000253
[panda train] update 757500/1000000, loss=0.000294
[panda train] update 758000/1000000, loss=0.000305
[panda train] update 758500/1000000, loss=0.000254
[panda train] update 759000/1000000, loss=0.000272
[panda train] update 759500/1000000, loss=0.000214
[panda train] update 760000/1000000, loss=0.000219
[panda train] update 760500/1000000, loss=0.000308
[panda train] update 761000/1000000, loss=0.000228
[panda train] update 761500/1000000, loss=0.000246
[panda train] update 762000/1000000, loss=0.000285
[panda train] update 762500/1000000, loss=0.000356
[panda train] update 763000/1000000, loss=0.000238
[panda train] update 763500/1000000, loss=0.000346
[panda train] update 764000/1000000, loss=0.000186
[panda train] update 764500/1000000, loss=0.000278
[panda train] update 765000/1000000, loss=0.000251
[panda train] update 765500/1000000, loss=0.000252
[panda train] update 766000/1000000, loss=0.000275
[panda train] update 766500/1000000, loss=0.000250
[panda train] update 767000/1000000, loss=0.000330
[panda train] update 767500/1000000, loss=0.000230
[panda train] update 768000/1000000, loss=0.000216
[panda train] update 768500/1000000, loss=0.000279
[panda train] update 769000/1000000, loss=0.000253
[panda train] update 769500/1000000, loss=0.000212
[panda train] update 770000/1000000, loss=0.000246
[panda train] update 770500/1000000, loss=0.000223
[panda train] update 771000/1000000, loss=0.000246
[panda train] update 771500/1000000, loss=0.000312
[panda train] update 772000/1000000, loss=0.000254
[panda train] update 772500/1000000, loss=0.000244
[panda train] update 773000/1000000, loss=0.000258
[panda train] update 773500/1000000, loss=0.000246
[panda train] update 774000/1000000, loss=0.000280
[panda train] update 774500/1000000, loss=0.000218
[panda train] update 775000/1000000, loss=0.000216
[panda train] update 775500/1000000, loss=0.000334
[panda train] update 776000/1000000, loss=0.000244
[panda train] update 776500/1000000, loss=0.000255
[panda train] update 777000/1000000, loss=0.000253
[panda train] update 777500/1000000, loss=0.000233
[panda train] update 778000/1000000, loss=0.000280
[panda train] update 778500/1000000, loss=0.000270
[panda train] update 779000/1000000, loss=0.000309
[panda train] update 779500/1000000, loss=0.000237
[panda train] update 780000/1000000, loss=0.000266
[panda train] update 780500/1000000, loss=0.000265
[panda train] update 781000/1000000, loss=0.000222
[panda train] update 781500/1000000, loss=0.000260
[panda train] update 782000/1000000, loss=0.000223
[panda train] update 782500/1000000, loss=0.000264
[panda train] update 783000/1000000, loss=0.000256
[panda train] update 783500/1000000, loss=0.000266
[panda train] update 784000/1000000, loss=0.000294
[panda train] update 784500/1000000, loss=0.000285
[panda train] update 785000/1000000, loss=0.000251
[panda train] update 785500/1000000, loss=0.000216
[panda train] update 786000/1000000, loss=0.000235
[panda train] update 786500/1000000, loss=0.000276
[panda train] update 787000/1000000, loss=0.000282
[panda train] update 787500/1000000, loss=0.000205
[panda train] update 788000/1000000, loss=0.000225
[panda train] update 788500/1000000, loss=0.000198
[panda train] update 789000/1000000, loss=0.000256
[panda train] update 789500/1000000, loss=0.000244
[panda train] update 790000/1000000, loss=0.000242
[panda train] update 790500/1000000, loss=0.000258
[panda train] update 791000/1000000, loss=0.000233
[panda train] update 791500/1000000, loss=0.000311
[panda train] update 792000/1000000, loss=0.000226
[panda train] update 792500/1000000, loss=0.000259
[panda train] update 793000/1000000, loss=0.000243
[panda train] update 793500/1000000, loss=0.000209
[panda train] update 794000/1000000, loss=0.000267
[panda train] update 794500/1000000, loss=0.000214
[panda train] update 795000/1000000, loss=0.000250
[panda train] update 795500/1000000, loss=0.000260
[panda train] update 796000/1000000, loss=0.000237
[panda train] update 796500/1000000, loss=0.000247
[panda train] update 797000/1000000, loss=0.000286
[panda train] update 797500/1000000, loss=0.000276
[panda train] update 798000/1000000, loss=0.000344
[panda train] update 798500/1000000, loss=0.000249
[panda train] update 799000/1000000, loss=0.000247
[panda train] update 799500/1000000, loss=0.000207
[panda train] update 800000/1000000, loss=0.000289
[panda train] update 800500/1000000, loss=0.000247
[panda train] update 801000/1000000, loss=0.000216
[panda train] update 801500/1000000, loss=0.000235
[panda train] update 802000/1000000, loss=0.000281
[panda train] update 802500/1000000, loss=0.000232
[panda train] update 803000/1000000, loss=0.000282
[panda train] update 803500/1000000, loss=0.000498
[panda train] update 804000/1000000, loss=0.000261
[panda train] update 804500/1000000, loss=0.000203
[panda train] update 805000/1000000, loss=0.000245
[panda train] update 805500/1000000, loss=0.000236
[panda train] update 806000/1000000, loss=0.000218
[panda train] update 806500/1000000, loss=0.000206
[panda train] update 807000/1000000, loss=0.000239
[panda train] update 807500/1000000, loss=0.000269
[panda train] update 808000/1000000, loss=0.000241
[panda train] update 808500/1000000, loss=0.000281
[panda train] update 809000/1000000, loss=0.000249
[panda train] update 809500/1000000, loss=0.000267
[panda train] update 810000/1000000, loss=0.000241
[panda train] update 810500/1000000, loss=0.000231
[panda train] update 811000/1000000, loss=0.000257
[panda train] update 811500/1000000, loss=0.000221
[panda train] update 812000/1000000, loss=0.000273
[panda train] update 812500/1000000, loss=0.000260
[panda train] update 813000/1000000, loss=0.000192
[panda train] update 813500/1000000, loss=0.000211
[panda train] update 814000/1000000, loss=0.000246
[panda train] update 814500/1000000, loss=0.000251
[panda train] update 815000/1000000, loss=0.000269
[panda train] update 815500/1000000, loss=0.000277
[panda train] update 816000/1000000, loss=0.000252
[panda train] update 816500/1000000, loss=0.000311
[panda train] update 817000/1000000, loss=0.000359
[panda train] update 817500/1000000, loss=0.000322
[panda train] update 818000/1000000, loss=0.000305
[panda train] update 818500/1000000, loss=0.000311
[panda train] update 819000/1000000, loss=0.000237
[panda train] update 819500/1000000, loss=0.000251
[panda train] update 820000/1000000, loss=0.000244
[panda train] update 820500/1000000, loss=0.000208
[panda train] update 821000/1000000, loss=0.000269
[panda train] update 821500/1000000, loss=0.000276
[panda train] update 822000/1000000, loss=0.000226
[panda train] update 822500/1000000, loss=0.000220
[panda train] update 823000/1000000, loss=0.000245
[panda train] update 823500/1000000, loss=0.000230
[panda train] update 824000/1000000, loss=0.000322
[panda train] update 824500/1000000, loss=0.000239
[panda train] update 825000/1000000, loss=0.000208
[panda train] update 825500/1000000, loss=0.000250
[panda train] update 826000/1000000, loss=0.000275
[panda train] update 826500/1000000, loss=0.000224
[panda train] update 827000/1000000, loss=0.000224
[panda train] update 827500/1000000, loss=0.000239
[panda train] update 828000/1000000, loss=0.000242
[panda train] update 828500/1000000, loss=0.000316
[panda train] update 829000/1000000, loss=0.000211
[panda train] update 829500/1000000, loss=0.000193
[panda train] update 830000/1000000, loss=0.000253
[panda train] update 830500/1000000, loss=0.000287
[panda train] update 831000/1000000, loss=0.000222
[panda train] update 831500/1000000, loss=0.000271
[panda train] update 832000/1000000, loss=0.000216
[panda train] update 832500/1000000, loss=0.000218
[panda train] update 833000/1000000, loss=0.000259
[panda train] update 833500/1000000, loss=0.000196
[panda train] update 834000/1000000, loss=0.000282
[panda train] update 834500/1000000, loss=0.000278
[panda train] update 835000/1000000, loss=0.000244
[panda train] update 835500/1000000, loss=0.000240
[panda train] update 836000/1000000, loss=0.000225
[panda train] update 836500/1000000, loss=0.000243
[panda train] update 837000/1000000, loss=0.000322
[panda train] update 837500/1000000, loss=0.000216
[panda train] update 838000/1000000, loss=0.000258
[panda train] update 838500/1000000, loss=0.000201
[panda train] update 839000/1000000, loss=0.000241
[panda train] update 839500/1000000, loss=0.000278
[panda train] update 840000/1000000, loss=0.000325
[panda train] update 840500/1000000, loss=0.000274
[panda train] update 841000/1000000, loss=0.000245
[panda train] update 841500/1000000, loss=0.000223
[panda train] update 842000/1000000, loss=0.000246
[panda train] update 842500/1000000, loss=0.000272
[panda train] update 843000/1000000, loss=0.000289
[panda train] update 843500/1000000, loss=0.000283
[panda train] update 844000/1000000, loss=0.000258
[panda train] update 844500/1000000, loss=0.000208
[panda train] update 845000/1000000, loss=0.000216
[panda train] update 845500/1000000, loss=0.000232
[panda train] update 846000/1000000, loss=0.000234
[panda train] update 846500/1000000, loss=0.000219
[panda train] update 847000/1000000, loss=0.000308
[panda train] update 847500/1000000, loss=0.000237
[panda train] update 848000/1000000, loss=0.000261
[panda train] update 848500/1000000, loss=0.000213
[panda train] update 849000/1000000, loss=0.000211
[panda train] update 849500/1000000, loss=0.000240
[panda train] update 850000/1000000, loss=0.000270
[panda train] update 850500/1000000, loss=0.000270
[panda train] update 851000/1000000, loss=0.000227
[panda train] update 851500/1000000, loss=0.000164
[panda train] update 852000/1000000, loss=0.000177
[panda train] update 852500/1000000, loss=0.000204
[panda train] update 853000/1000000, loss=0.000273
[panda train] update 853500/1000000, loss=0.000225
[panda train] update 854000/1000000, loss=0.000263
[panda train] update 854500/1000000, loss=0.000226
[panda train] update 855000/1000000, loss=0.000245
[panda train] update 855500/1000000, loss=0.000212
[panda train] update 856000/1000000, loss=0.000233
[panda train] update 856500/1000000, loss=0.000257
[panda train] update 857000/1000000, loss=0.000195
[panda train] update 857500/1000000, loss=0.000251
[panda train] update 858000/1000000, loss=0.000264
[panda train] update 858500/1000000, loss=0.000179
[panda train] update 859000/1000000, loss=0.000239
[panda train] update 859500/1000000, loss=0.000234
[panda train] update 860000/1000000, loss=0.000248
[panda train] update 860500/1000000, loss=0.000245
[panda train] update 861000/1000000, loss=0.000265
[panda train] update 861500/1000000, loss=0.000259
[panda train] update 862000/1000000, loss=0.000192
[panda train] update 862500/1000000, loss=0.000205
[panda train] update 863000/1000000, loss=0.000265
[panda train] update 863500/1000000, loss=0.000311
[panda train] update 864000/1000000, loss=0.000247
[panda train] update 864500/1000000, loss=0.000198
[panda train] update 865000/1000000, loss=0.000229
[panda train] update 865500/1000000, loss=0.000218
[panda train] update 866000/1000000, loss=0.000242
[panda train] update 866500/1000000, loss=0.000316
[panda train] update 867000/1000000, loss=0.000278
[panda train] update 867500/1000000, loss=0.000186
[panda train] update 868000/1000000, loss=0.000246
[panda train] update 868500/1000000, loss=0.000253
[panda train] update 869000/1000000, loss=0.000281
[panda train] update 869500/1000000, loss=0.000239
[panda train] update 870000/1000000, loss=0.000260
[panda train] update 870500/1000000, loss=0.000240
[panda train] update 871000/1000000, loss=0.000275
[panda train] update 871500/1000000, loss=0.000218
[panda train] update 872000/1000000, loss=0.000241
[panda train] update 872500/1000000, loss=0.000244
[panda train] update 873000/1000000, loss=0.000220
[panda train] update 873500/1000000, loss=0.000217
[panda train] update 874000/1000000, loss=0.000203
[panda train] update 874500/1000000, loss=0.000237
[panda train] update 875000/1000000, loss=0.000242
[panda train] update 875500/1000000, loss=0.000232
[panda train] update 876000/1000000, loss=0.000259
[panda train] update 876500/1000000, loss=0.000196
[panda train] update 877000/1000000, loss=0.000256
[panda train] update 877500/1000000, loss=0.000303
[panda train] update 878000/1000000, loss=0.000179
[panda train] update 878500/1000000, loss=0.000341
[panda train] update 879000/1000000, loss=0.000204
[panda train] update 879500/1000000, loss=0.000209
[panda train] update 880000/1000000, loss=0.000248
[panda train] update 880500/1000000, loss=0.000218
[panda train] update 881000/1000000, loss=0.000238
[panda train] update 881500/1000000, loss=0.000220
[panda train] update 882000/1000000, loss=0.000269
[panda train] update 882500/1000000, loss=0.000216
[panda train] update 883000/1000000, loss=0.000296
[panda train] update 883500/1000000, loss=0.000241
[panda train] update 884000/1000000, loss=0.000231
[panda train] update 884500/1000000, loss=0.000205
[panda train] update 885000/1000000, loss=0.000191
[panda train] update 885500/1000000, loss=0.000232
[panda train] update 886000/1000000, loss=0.000217
[panda train] update 886500/1000000, loss=0.000222
[panda train] update 887000/1000000, loss=0.000286
[panda train] update 887500/1000000, loss=0.000241
[panda train] update 888000/1000000, loss=0.000246
[panda train] update 888500/1000000, loss=0.000232
[panda train] update 889000/1000000, loss=0.000234
[panda train] update 889500/1000000, loss=0.000185
[panda train] update 890000/1000000, loss=0.000251
[panda train] update 890500/1000000, loss=0.000190
[panda train] update 891000/1000000, loss=0.000235
[panda train] update 891500/1000000, loss=0.000200
[panda train] update 892000/1000000, loss=0.000212
[panda train] update 892500/1000000, loss=0.000278
[panda train] update 893000/1000000, loss=0.000195
[panda train] update 893500/1000000, loss=0.000322
[panda train] update 894000/1000000, loss=0.000251
[panda train] update 894500/1000000, loss=0.000256
[panda train] update 895000/1000000, loss=0.000235
[panda train] update 895500/1000000, loss=0.000216
[panda train] update 896000/1000000, loss=0.000268
[panda train] update 896500/1000000, loss=0.000296
[panda train] update 897000/1000000, loss=0.000263
[panda train] update 897500/1000000, loss=0.000243
[panda train] update 898000/1000000, loss=0.000212
[panda train] update 898500/1000000, loss=0.000286
[panda train] update 899000/1000000, loss=0.000356
[panda train] update 899500/1000000, loss=0.000241
[panda train] update 900000/1000000, loss=0.000361
[panda train] update 900500/1000000, loss=0.000197
[panda train] update 901000/1000000, loss=0.000257
[panda train] update 901500/1000000, loss=0.000225
[panda train] update 902000/1000000, loss=0.000234
[panda train] update 902500/1000000, loss=0.000252
[panda train] update 903000/1000000, loss=0.000246
[panda train] update 903500/1000000, loss=0.000329
[panda train] update 904000/1000000, loss=0.000223
[panda train] update 904500/1000000, loss=0.000183
[panda train] update 905000/1000000, loss=0.000244
[panda train] update 905500/1000000, loss=0.000276
[panda train] update 906000/1000000, loss=0.000263
[panda train] update 906500/1000000, loss=0.000266
[panda train] update 907000/1000000, loss=0.000186
[panda train] update 907500/1000000, loss=0.000264
[panda train] update 908000/1000000, loss=0.000290
[panda train] update 908500/1000000, loss=0.000273
[panda train] update 909000/1000000, loss=0.000298
[panda train] update 909500/1000000, loss=0.000255
[panda train] update 910000/1000000, loss=0.000223
[panda train] update 910500/1000000, loss=0.000243
[panda train] update 911000/1000000, loss=0.000205
[panda train] update 911500/1000000, loss=0.000277
[panda train] update 912000/1000000, loss=0.000206
[panda train] update 912500/1000000, loss=0.000288
[panda train] update 913000/1000000, loss=0.000227
[panda train] update 913500/1000000, loss=0.000265
[panda train] update 914000/1000000, loss=0.000250
[panda train] update 914500/1000000, loss=0.000258
[panda train] update 915000/1000000, loss=0.000275
[panda train] update 915500/1000000, loss=0.000264
[panda train] update 916000/1000000, loss=0.000246
[panda train] update 916500/1000000, loss=0.000193
[panda train] update 917000/1000000, loss=0.000215
[panda train] update 917500/1000000, loss=0.000264
[panda train] update 918000/1000000, loss=0.000226
[panda train] update 918500/1000000, loss=0.000214
[panda train] update 919000/1000000, loss=0.000231
[panda train] update 919500/1000000, loss=0.000257
[panda train] update 920000/1000000, loss=0.000211
[panda train] update 920500/1000000, loss=0.000244
[panda train] update 921000/1000000, loss=0.000198
[panda train] update 921500/1000000, loss=0.000357
[panda train] update 922000/1000000, loss=0.000206
[panda train] update 922500/1000000, loss=0.000203
[panda train] update 923000/1000000, loss=0.000242
[panda train] update 923500/1000000, loss=0.000203
[panda train] update 924000/1000000, loss=0.000188
[panda train] update 924500/1000000, loss=0.000270
[panda train] update 925000/1000000, loss=0.000172
[panda train] update 925500/1000000, loss=0.000248
[panda train] update 926000/1000000, loss=0.000228
[panda train] update 926500/1000000, loss=0.000297
[panda train] update 927000/1000000, loss=0.000239
[panda train] update 927500/1000000, loss=0.000278
[panda train] update 928000/1000000, loss=0.000264
[panda train] update 928500/1000000, loss=0.000221
[panda train] update 929000/1000000, loss=0.000248
[panda train] update 929500/1000000, loss=0.000198
[panda train] update 930000/1000000, loss=0.000186
[panda train] update 930500/1000000, loss=0.000196
[panda train] update 931000/1000000, loss=0.000201
[panda train] update 931500/1000000, loss=0.000190
[panda train] update 932000/1000000, loss=0.000209
[panda train] update 932500/1000000, loss=0.000227
[panda train] update 933000/1000000, loss=0.000214
[panda train] update 933500/1000000, loss=0.000224
[panda train] update 934000/1000000, loss=0.000290
[panda train] update 934500/1000000, loss=0.000191
[panda train] update 935000/1000000, loss=0.000229
[panda train] update 935500/1000000, loss=0.000239
[panda train] update 936000/1000000, loss=0.000290
[panda train] update 936500/1000000, loss=0.000302
[panda train] update 937000/1000000, loss=0.000222
[panda train] update 937500/1000000, loss=0.000216
[panda train] update 938000/1000000, loss=0.000205
[panda train] update 938500/1000000, loss=0.000192
[panda train] update 939000/1000000, loss=0.000189
[panda train] update 939500/1000000, loss=0.000245
[panda train] update 940000/1000000, loss=0.000213
[panda train] update 940500/1000000, loss=0.000214
[panda train] update 941000/1000000, loss=0.000253
[panda train] update 941500/1000000, loss=0.000211
[panda train] update 942000/1000000, loss=0.000216
[panda train] update 942500/1000000, loss=0.000228
[panda train] update 943000/1000000, loss=0.000211
[panda train] update 943500/1000000, loss=0.000232
[panda train] update 944000/1000000, loss=0.000258
[panda train] update 944500/1000000, loss=0.000159
[panda train] update 945000/1000000, loss=0.000196
[panda train] update 945500/1000000, loss=0.000239
[panda train] update 946000/1000000, loss=0.000208
[panda train] update 946500/1000000, loss=0.000240
[panda train] update 947000/1000000, loss=0.000246
[panda train] update 947500/1000000, loss=0.000230
[panda train] update 948000/1000000, loss=0.000278
[panda train] update 948500/1000000, loss=0.000246
[panda train] update 949000/1000000, loss=0.000205
[panda train] update 949500/1000000, loss=0.000259
[panda train] update 950000/1000000, loss=0.000267
[panda train] update 950500/1000000, loss=0.000184
[panda train] update 951000/1000000, loss=0.000222
[panda train] update 951500/1000000, loss=0.000229
[panda train] update 952000/1000000, loss=0.000227
[panda train] update 952500/1000000, loss=0.000183
[panda train] update 953000/1000000, loss=0.000218
[panda train] update 953500/1000000, loss=0.000213
[panda train] update 954000/1000000, loss=0.000273
[panda train] update 954500/1000000, loss=0.000246
[panda train] update 955000/1000000, loss=0.000186
[panda train] update 955500/1000000, loss=0.000216
[panda train] update 956000/1000000, loss=0.000257
[panda train] update 956500/1000000, loss=0.000214
[panda train] update 957000/1000000, loss=0.000277
[panda train] update 957500/1000000, loss=0.000236
[panda train] update 958000/1000000, loss=0.000241
[panda train] update 958500/1000000, loss=0.000191
[panda train] update 959000/1000000, loss=0.000227
[panda train] update 959500/1000000, loss=0.000202
[panda train] update 960000/1000000, loss=0.000250
[panda train] update 960500/1000000, loss=0.000312
[panda train] update 961000/1000000, loss=0.000238
[panda train] update 961500/1000000, loss=0.000274
[panda train] update 962000/1000000, loss=0.000208
[panda train] update 962500/1000000, loss=0.000210
[panda train] update 963000/1000000, loss=0.000215
[panda train] update 963500/1000000, loss=0.000207
[panda train] update 964000/1000000, loss=0.000194
[panda train] update 964500/1000000, loss=0.000202
[panda train] update 965000/1000000, loss=0.000184
[panda train] update 965500/1000000, loss=0.000244
[panda train] update 966000/1000000, loss=0.000223
[panda train] update 966500/1000000, loss=0.000282
[panda train] update 967000/1000000, loss=0.000206
[panda train] update 967500/1000000, loss=0.000228
[panda train] update 968000/1000000, loss=0.000195
[panda train] update 968500/1000000, loss=0.000246
[panda train] update 969000/1000000, loss=0.000232
[panda train] update 969500/1000000, loss=0.000233
[panda train] update 970000/1000000, loss=0.000221
[panda train] update 970500/1000000, loss=0.000235
[panda train] update 971000/1000000, loss=0.000190
[panda train] update 971500/1000000, loss=0.000245
[panda train] update 972000/1000000, loss=0.000193
[panda train] update 972500/1000000, loss=0.000220
[panda train] update 973000/1000000, loss=0.000204
[panda train] update 973500/1000000, loss=0.000179
[panda train] update 974000/1000000, loss=0.000201
[panda train] update 974500/1000000, loss=0.000179
[panda train] update 975000/1000000, loss=0.000272
[panda train] update 975500/1000000, loss=0.000222
[panda train] update 976000/1000000, loss=0.000245
[panda train] update 976500/1000000, loss=0.000184
[panda train] update 977000/1000000, loss=0.000199
[panda train] update 977500/1000000, loss=0.000212
[panda train] update 978000/1000000, loss=0.000222
[panda train] update 978500/1000000, loss=0.000233
[panda train] update 979000/1000000, loss=0.000269
[panda train] update 979500/1000000, loss=0.000229
[panda train] update 980000/1000000, loss=0.000248
[panda train] update 980500/1000000, loss=0.000266
[panda train] update 981000/1000000, loss=0.000257
[panda train] update 981500/1000000, loss=0.000211
[panda train] update 982000/1000000, loss=0.000226
[panda train] update 982500/1000000, loss=0.000237
[panda train] update 983000/1000000, loss=0.000219
[panda train] update 983500/1000000, loss=0.000294
[panda train] update 984000/1000000, loss=0.000252
[panda train] update 984500/1000000, loss=0.000202
[panda train] update 985000/1000000, loss=0.000181
[panda train] update 985500/1000000, loss=0.000204
[panda train] update 986000/1000000, loss=0.000229
[panda train] update 986500/1000000, loss=0.000232
[panda train] update 987000/1000000, loss=0.000206
[panda train] update 987500/1000000, loss=0.000197
[panda train] update 988000/1000000, loss=0.000208
[panda train] update 988500/1000000, loss=0.000208
[panda train] update 989000/1000000, loss=0.000282
[panda train] update 989500/1000000, loss=0.000232
[panda train] update 990000/1000000, loss=0.000180
[panda train] update 990500/1000000, loss=0.000201
[panda train] update 991000/1000000, loss=0.000242
[panda train] update 991500/1000000, loss=0.000202
[panda train] update 992000/1000000, loss=0.000203
[panda train] update 992500/1000000, loss=0.000230
[panda train] update 993000/1000000, loss=0.000232
[panda train] update 993500/1000000, loss=0.000203
[panda train] update 994000/1000000, loss=0.000259
[panda train] update 994500/1000000, loss=0.000191
[panda train] update 995000/1000000, loss=0.000187
[panda train] update 995500/1000000, loss=0.000222
[panda train] update 996000/1000000, loss=0.000194
[panda train] update 996500/1000000, loss=0.000223
[panda train] update 997000/1000000, loss=0.000227
[panda train] update 997500/1000000, loss=0.000219
[panda train] update 998000/1000000, loss=0.000245
[panda train] update 998500/1000000, loss=0.000228
[panda train] update 999000/1000000, loss=0.000201
[panda train] update 999500/1000000, loss=0.000212
[panda train] update 1000000/1000000, loss=0.000209
[eval] target=-0.000 -> score=-0.243 (task_seed=20000)
[eval] target=-0.071 -> score=-0.243 (task_seed=20000)
[eval] target=-0.122 -> score=-0.243 (task_seed=20000)
[eval] target=-0.208 -> score=-0.243 (task_seed=20000)
[eval] target=0.000 -> score=-0.243 (task_seed=20000)
[eval] best sweep target=-0.122 -> score=-0.243
[eval] Single-task Panda DT on PandaReach: -0.243 (task_seed=20000)

=== Single-task Panda DT results ===
PandaPickAndPlace: -1.024
PandaPush: -0.937
PandaReach: -0.243

[artifacts] saved to: runs/panda__single_no_clmetrics__panda_single_all__r001__20260410-094514
argv[0]=--background_color_red=0.8745098114013672
argv[1]=--background_color_green=0.21176470816135406
argv[2]=--background_color_blue=0.1764705926179886
argv[0]=--background_color_red=0.8745098114013672
argv[1]=--background_color_green=0.21176470816135406
argv[2]=--background_color_blue=0.1764705926179886
argv[0]=--background_color_red=0.8745098114013672
argv[1]=--background_color_green=0.21176470816135406
argv[2]=--background_color_blue=0.1764705926179886
argv[0]=--background_color_red=0.8745098114013672
argv[1]=--background_color_green=0.21176470816135406
argv[2]=--background_color_blue=0.1764705926179886
argv[0]=--background_color_red=0.8745098114013672
argv[1]=--background_color_green=0.21176470816135406
argv[2]=--background_color_blue=0.1764705926179886
argv[0]=--background_color_red=0.8745098114013672
argv[1]=--background_color_green=0.21176470816135406
argv[2]=--background_color_blue=0.1764705926179886
argv[0]=--background_color_red=0.8745098114013672
argv[1]=--background_color_green=0.21176470816135406
argv[2]=--background_color_blue=0.1764705926179886
argv[0]=--background_color_red=0.8745098114013672
argv[1]=--background_color_green=0.21176470816135406
argv[2]=--background_color_blue=0.1764705926179886
argv[0]=--background_color_red=0.8745098114013672
argv[1]=--background_color_green=0.21176470816135406
argv[2]=--background_color_blue=0.1764705926179886
